<environmentvariabledefinition schemaname="kofc_CRMWebAPIURL">
  <defaultvalue>/api/data/v9.2</defaultvalue>
  <description default="CRM Web API URL">
    <label description="CRM Web API URL" languagecode="1033" />
  </description>
  <displayname default="CRMWebAPIURL">
    <label description="CRMWebAPIURL" languagecode="1033" />
  </displayname>
  <introducedversion>1.0.0.0</introducedversion>
  <iscustomizable>1</iscustomizable>
  <isrequired>0</isrequired>
  <secretstore>0</secretstore>
  <type>100000000</type>
</environmentvariabledefinition>