﻿<?xml version="1.0" encoding="utf-8"?>
<Entity xmlns:xsi="http://www.w3.org/2001/XMLSchema-instance">
  <Name LocalizedName="Opportunity" OriginalName="Opportunity">Opportunity</Name>
  <EntityInfo>
    <entity Name="Opportunity" unmodified="1">
      <attributes />
    </entity>
  </EntityInfo>
  <RibbonDiffXml />
  <CustomControlDefaultConfigs>
    <CustomControlDefaultConfig>
      <ControlDescriptionXML>
        <controlDescriptions>
          <controlDescription>
            <customControl id="{E7A81278-8635-4d9e-8D4D-59480B391C5B}" formFactor="0">
              <parameters />
            </customControl>
            <customControl id="{E7A81278-8635-4d9e-8D4D-59480B391C5B}" formFactor="1">
              <parameters />
            </customControl>
            <customControl id="{E7A81278-8635-4d9e-8D4D-59480B391C5B}" formFactor="2">
              <parameters />
            </customControl>
            <customControl name="MscrmControls.Sales.DealManagerWorkspace.DealManagerWorkspace" formFactor="-1">
              <parameters>
                <data-set name="Grid" />
                <EnableEditing static="true" type="Enum">yes</EnableEditing>
                <EnableFiltering static="true" type="Enum">yes</EnableFiltering>
                <EnableRangeSelection static="true" type="Enum">yes</EnableRangeSelection>
                <EnableJumpBar static="true" type="Enum">no</EnableJumpBar>
                <EnablePagination static="true" type="Enum">no</EnablePagination>
                <EnableStatusColumn static="true" type="Enum">yes</EnableStatusColumn>
                <EnableDropdownColor static="true" type="Enum">no</EnableDropdownColor>
                <EnableTypeIcons static="true" type="Enum">no</EnableTypeIcons>
                <NavigationTypesAllowed static="true" type="Enum">all</NavigationTypesAllowed>
                <ReflowBehavior static="true" type="Enum">Reflow</ReflowBehavior>
                <EnableDashlet static="true" type="Enum">yes</EnableDashlet>
                <EnableCharts static="true" type="Enum">yes</EnableCharts>
                <EnableGrid static="true" type="Enum">yes</EnableGrid>
                <EnableChartClickInteractions static="true" type="Enum">yes</EnableChartClickInteractions>
                <EnableGrouping static="true" type="Enum">no</EnableGrouping>
                <EnableAggregation static="true" type="Enum">no</EnableAggregation>
              </parameters>
            </customControl>
          </controlDescription>
        </controlDescriptions>
      </ControlDescriptionXML>
      <IntroducedVersion>1.0.0.0</IntroducedVersion>
    </CustomControlDefaultConfig>
  </CustomControlDefaultConfigs>
</Entity>