﻿<?xml version="1.0" encoding="utf-8"?>
<RibbonDiffXml xmlns:xsi="http://www.w3.org/2001/XMLSchema-instance">
  <CustomActions>
    <CustomAction Id="kofc.opportunity.Clone Opportunity.Button.CustomAction" Location="Mscrm.Form.opportunity.MainTab.Save.Controls._children" Sequence="85">
      <CommandUIDefinition>
        <Button Command="kofc.opportunity.CloneOpportunity.Command" Id="kofc.opportunity.Clone Opportunity.Button" Image32by32="" Image16by16="" LabelText="$LocLabels:kofc.opportunity.Clone Opportunity.Button.LabelText" Sequence="85" TemplateAlias="o2" />
      </CommandUIDefinition>
    </CustomAction>
    <CustomAction Id="kofc.opportunity.New Opportunity.Button.CustomAction" Location="Mscrm.SubGrid.opportunity.MainTab.Management.Controls._children" Sequence="35">
      <CommandUIDefinition>
        <Button Alt="$LocLabels:kofc.opportunity.New Opportunity.Button.Alt" Command="kofc.opportunity.CustomAddNewOpportunity.Command" Id="kofc.opportunity.New Opportunity.Button" Image32by32="$webresource:Service/_imgs/ribbon/newrecord32.png" Image16by16="/_imgs/ribbon/New_16.png" LabelText="$LocLabels:kofc.opportunity.New Opportunity.Button.LabelText" Sequence="35" TemplateAlias="o1" ToolTipTitle="$LocLabels:kofc.opportunity.New Opportunity.Button.ToolTipTitle" ToolTipDescription="$LocLabels:kofc.opportunity.New Opportunity.Button.ToolTipDescription" ModernImage="New" />
      </CommandUIDefinition>
    </CustomAction>
    <CustomAction Id="kofc.opportunity.Tools.Button.CustomAction" Location="Mscrm.Form.opportunity.MainTab.Save.Controls._children" Sequence="80">
      <CommandUIDefinition>
        <FlyoutAnchor Command="kofc.opportunity.FlyoutTools.Command" Id="kofc.opportunity.Tools.Button" LabelText="$LocLabels:kofc.opportunity.Tools.Button.LabelText" Sequence="80" TemplateAlias="o2">
          <Menu Id="kofc.opportunity.Tools.Button.Menu">
            <MenuSection Id="kofc.opportunity.Section7.Section" Sequence="5" DisplayMode="Menu16">
              <Controls Id="kofc.opportunity.Section7.Section.Controls">
                <Button Command="kofc.opportunity.ShowHideEappButton.Command" Id="kofc.opportunity.eApp.Button" LabelText="$LocLabels:kofc.opportunity.eApp.Button.LabelText" Sequence="10" />
                <Button Command="kofc.opportunity.ShowHideNavigatorButton.Command" Id="kofc.opportunity.Navigator.Button" LabelText="$LocLabels:kofc.opportunity.Navigator.Button.LabelText" Sequence="15" />
              </Controls>
            </MenuSection>
          </Menu>
        </FlyoutAnchor>
      </CommandUIDefinition>
    </CustomAction>
  </CustomActions>
  <Templates>
    <RibbonTemplates Id="Mscrm.Templates"></RibbonTemplates>
  </Templates>
  <CommandDefinitions>
    <CommandDefinition Id="kofc.opportunity.CloneOpportunity.Command">
      <EnableRules>
        <EnableRule Id="kofc.opportunity.CloneOpportunity.EnableRule" />
        <EnableRule Id="kofc.opportunity.ShowCloneOpportunity.EnableRule" />
      </EnableRules>
      <DisplayRules />
      <Actions>
        <JavaScriptFunction FunctionName="CallEnvVar" Library="$webresource:kofc_Opportunity">
          <CrmParameter Value="PrimaryControl" />
        </JavaScriptFunction>
      </Actions>
    </CommandDefinition>
    <CommandDefinition Id="kofc.opportunity.CustomAddNewOpportunity.Command">
      <EnableRules>
        <EnableRule Id="kofc.opportunity.CustomOpportunityButton.EnableRule" />
      </EnableRules>
      <DisplayRules />
      <Actions>
        <JavaScriptFunction FunctionName="CreateQuickOpportunity" Library="$webresource:kofc_OpportunityQuickCreate">
          <CrmParameter Value="SelectedControl" />
        </JavaScriptFunction>
      </Actions>
    </CommandDefinition>
    <CommandDefinition Id="kofc.opportunity.FlyoutTools.Command">
      <EnableRules>
        <EnableRule Id="kofc.opportunity.ToolsButton.EnableRule" />
      </EnableRules>
      <DisplayRules />
      <Actions />
    </CommandDefinition>
    <CommandDefinition Id="kofc.opportunity.ShowHideEappButton.Command">
      <EnableRules>
        <EnableRule Id="kofc.opportunity.ShowHideNavigatorandEappButton.EnableRule" />
      </EnableRules>
      <DisplayRules />
      <Actions>
        <JavaScriptFunction FunctionName="OnClickEAppButton" Library="$webresource:kofc_Opportunity">
          <CrmParameter Value="PrimaryControl" />
        </JavaScriptFunction>
      </Actions>
    </CommandDefinition>
    <CommandDefinition Id="kofc.opportunity.ShowHideNavigatorButton.Command">
      <EnableRules>
        <EnableRule Id="kofc.opportunity.ShowHideNavigatorandEappButton.EnableRule" />
      </EnableRules>
      <DisplayRules />
      <Actions>
        <JavaScriptFunction FunctionName="OnClickNavigatorButton" Library="$webresource:kofc_Opportunity" />
      </Actions>
    </CommandDefinition>
    <CommandDefinition Id="kofc.opportunity.ToolsButton.Command">
      <EnableRules />
      <DisplayRules />
      <Actions />
    </CommandDefinition>
    <CommandDefinition Id="Mscrm.AddNewRecordFromSubGridStandard">
      <EnableRules>
        <EnableRule Id="Mscrm.AppendToPrimary" />
        <EnableRule Id="Mscrm.EntityFormIsEnabled" />
        <EnableRule Id="Mscrm.IsEntityAvailableForUserInMocaOffline" />
        <EnableRule Id="kofc.opportunity.ShowHideExisitngNewOppButton.EnableRule" />
      </EnableRules>
      <DisplayRules>
        <DisplayRule Id="Mscrm.ShowForOneToManyGrids" />
        <DisplayRule Id="Mscrm.AppendToPrimary" />
        <DisplayRule Id="Mscrm.CreateSelectedEntityPermission" />
        <DisplayRule Id="Mscrm.AppendSelected" />
        <DisplayRule Id="Mscrm.HideAddNewForChildEntities" />
      </DisplayRules>
      <Actions>
        <JavaScriptFunction FunctionName="XrmCore.Commands.Open.addNewFromSubGridStandard" Library="$webresource:Main_system_library.js">
          <CrmParameter Value="SelectedEntityTypeName" />
          <CrmParameter Value="PrimaryEntityTypeName" />
          <CrmParameter Value="FirstPrimaryItemId" />
          <CrmParameter Value="PrimaryControl" />
          <CrmParameter Value="SelectedControl" />
        </JavaScriptFunction>
      </Actions>
    </CommandDefinition>
    <CommandDefinition Id="Mscrm.Form.opportunity.MarkAsWon">
      <EnableRules>
        <EnableRule Id="Mscrm.CanWritePrimary" />
        <EnableRule Id="Mscrm.OpportunityIsOpen" />
        <EnableRule Id="Mscrm.IsEntityAvailableForUserInMocaOffline" />
        <EnableRule Id="kofc.opportunity.ShowCloseAsWonOnFinish.EnableRule" />
      </EnableRules>
      <DisplayRules>
        <DisplayRule Id="Mscrm.CanWriteOpportunity" />
      </DisplayRules>
      <Actions>
        <JavaScriptFunction FunctionName="Mscrm.OpportunityCommandActions.opportunityClose" Library="$webresource:Sales/Opportunity/Opportunity_main_system_library.js">
          <BoolParameter Value="true" />
        </JavaScriptFunction>
      </Actions>
    </CommandDefinition>
  </CommandDefinitions>
  <RuleDefinitions>
    <TabDisplayRules />
    <DisplayRules>
      <DisplayRule Id="kofc.opportunity.DisplayRule6.ShowHideToolsWhenOppTypeisNeedInsurance">
        <ValueRule Field="kofc_opportunitytype" Value="258510000" InvertResult="false" />
      </DisplayRule>
      <DisplayRule Id="Mscrm.AppendSelected">
        <EntityPrivilegeRule PrivilegeType="Append" PrivilegeDepth="Basic" AppliesTo="SelectedEntity" />
      </DisplayRule>
      <DisplayRule Id="Mscrm.AppendToPrimary">
        <EntityPrivilegeRule PrivilegeType="AppendTo" PrivilegeDepth="Basic" AppliesTo="PrimaryEntity" />
      </DisplayRule>
      <DisplayRule Id="Mscrm.CanWriteOpportunity">
        <EntityPrivilegeRule PrivilegeType="Write" PrivilegeDepth="Basic" EntityName="opportunity" />
      </DisplayRule>
      <DisplayRule Id="Mscrm.CreateSelectedEntityPermission">
        <EntityPrivilegeRule PrivilegeType="Create" PrivilegeDepth="Basic" AppliesTo="SelectedEntity" />
      </DisplayRule>
      <DisplayRule Id="Mscrm.HideAddNewForChildEntities">
        <OrRule>
          <Or>
            <EntityPropertyRule AppliesTo="SelectedEntity" PropertyName="IsChildEntity" PropertyValue="false" />
          </Or>
          <Or>
            <RelationshipTypeRule AppliesTo="SelectedEntity" AllowCustomRelationship="false" />
          </Or>
        </OrRule>
      </DisplayRule>
      <DisplayRule Id="Mscrm.ShowForOneToManyGrids">
        <RelationshipTypeRule AppliesTo="SelectedEntity" RelationshipType="OneToMany" />
      </DisplayRule>
    </DisplayRules>
    <EnableRules>
      <EnableRule Id="kofc.opportunity.CloneOpportunity.EnableRule">
        <FormStateRule State="Existing" Default="true" />
        <CustomRule FunctionName="ShowHideButton" Library="$webresource:kofc_Opportunity" Default="true" InvertResult="false">
          <CrmParameter Value="PrimaryControl" />
        </CustomRule>
      </EnableRule>
      <EnableRule Id="kofc.opportunity.CustomOpportunityButton.EnableRule">
        <CustomRule FunctionName="EnableNewOpportunityCustomButton" Library="$webresource:kofc_OpportunityQuickCreate" Default="true">
          <CrmParameter Value="SelectedControl" />
        </CustomRule>
      </EnableRule>
      <EnableRule Id="kofc.opportunity.ShowCloneOpportunity.EnableRule">
        <ValueRule Field="statecode" Value="0" />
      </EnableRule>
      <EnableRule Id="kofc.opportunity.ShowCloseAsWonOnFinish.EnableRule">
        <CustomRule FunctionName="ShowCloseAsWonButtonOnFinish" Library="$webresource:kofc_Opportunity" Default="false" InvertResult="false">
          <CrmParameter Value="PrimaryControl" />
        </CustomRule>
      </EnableRule>
      <EnableRule Id="kofc.opportunity.ShowHideExisitngNewOppButton.EnableRule">
        <CustomRule FunctionName="EnableExistingOpportunityCustomButton" Library="$webresource:kofc_OpportunityQuickCreate" Default="true">
          <CrmParameter Value="SelectedControl" />
        </CustomRule>
      </EnableRule>
      <EnableRule Id="kofc.opportunity.ShowHideNavigatorandEappButton.EnableRule">
        <CustomRule FunctionName="ShowHideEappandNavigatorButton" Library="$webresource:kofc_Opportunity" Default="true" InvertResult="false">
          <CrmParameter Value="PrimaryControl" />
        </CustomRule>
      </EnableRule>
      <EnableRule Id="kofc.opportunity.ToolsButton.EnableRule">
        <CustomRule FunctionName="ShowHideToolsButton" Library="$webresource:kofc_Opportunity" Default="true" InvertResult="false">
          <CrmParameter Value="PrimaryControl" />
        </CustomRule>
      </EnableRule>
      <EnableRule Id="Mscrm.AppendToPrimary">
        <RecordPrivilegeRule PrivilegeType="AppendTo" AppliesTo="PrimaryEntity" />
      </EnableRule>
      <EnableRule Id="Mscrm.CanWritePrimary">
        <RecordPrivilegeRule PrivilegeType="Write" AppliesTo="PrimaryEntity" />
      </EnableRule>
      <EnableRule Id="Mscrm.EntityFormIsEnabled">
        <FormStateRule State="Disabled" InvertResult="true" />
      </EnableRule>
      <EnableRule Id="Mscrm.IsEntityAvailableForUserInMocaOffline">
        <CustomRule FunctionName="XrmCore.Rules.Online.IsEntityAvailableForUserInMocaOffline" Library="$webresource:Main_system_library.js">
          <CrmParameter Value="SelectedEntityTypeName" />
        </CustomRule>
      </EnableRule>
      <EnableRule Id="Mscrm.OpportunityIsOpen">
        <FormStateRule State="Existing" />
      </EnableRule>
    </EnableRules>
  </RuleDefinitions>
  <LocLabels>
    <LocLabel Id="kofc.opportunity.Clone Opportunity.Button.LabelText">
      <Titles>
        <Title description="Clone Opportunity" languagecode="1033" />
        <Title description="Cloner l’occasion" languagecode="1036" />
        <Title description="Clonar oportunidad" languagecode="3082" />
      </Titles>
    </LocLabel>
    <LocLabel Id="kofc.opportunity.eApp.Button.LabelText">
      <Titles>
        <Title description="eApp" languagecode="1033" />
        <Title description="eApp" languagecode="1036" />
        <Title description="Aplicación electrónica" languagecode="3082" />
      </Titles>
    </LocLabel>
    <LocLabel Id="kofc.opportunity.Navigator.Button.LabelText">
      <Titles>
        <Title description="Navigator" languagecode="1033" />
        <Title description="Navigator (Navigateur)" languagecode="1036" />
        <Title description="Navegador" languagecode="3082" />
      </Titles>
    </LocLabel>
    <LocLabel Id="kofc.opportunity.New Opportunity.Button.Alt">
      <Titles>
        <Title description="New Opportunity" languagecode="1033" />
        <Title description="Nouvelle opportunité" languagecode="1036" />
        <Title description="Nueva oportunidad" languagecode="3082" />
      </Titles>
    </LocLabel>
    <LocLabel Id="kofc.opportunity.New Opportunity.Button.LabelText">
      <Titles>
        <Title description="New Opportunity" languagecode="1033" />
        <Title description="Nouvelle opportunité" languagecode="1036" />
        <Title description="Nueva oportunidad" languagecode="3082" />
      </Titles>
    </LocLabel>
    <LocLabel Id="kofc.opportunity.New Opportunity.Button.ToolTipDescription">
      <Titles>
        <Title description="New Opportunity" languagecode="1033" />
        <Title description="Nouvelle opportunité" languagecode="1036" />
        <Title description="Nueva oportunidad" languagecode="3082" />
      </Titles>
    </LocLabel>
    <LocLabel Id="kofc.opportunity.New Opportunity.Button.ToolTipTitle">
      <Titles>
        <Title description="New Opportunity" languagecode="1033" />
        <Title description="Nouvelle opportunité" languagecode="1036" />
        <Title description="Nueva oportunidad" languagecode="3082" />
      </Titles>
    </LocLabel>
    <LocLabel Id="kofc.opportunity.Tools.Button.LabelText">
      <Titles>
        <Title description="Tools" languagecode="1033" />
        <Title description="Outils" languagecode="1036" />
        <Title description="Herramientas" languagecode="3082" />
      </Titles>
    </LocLabel>
    <LocLabel Id="Mscrm_Form_opportunity_MainTab_Actions_MarkAsLost_ToolTipTitle">
      <Titles>
        <Title description="Close as Lost" languagecode="1033" />
        <Title description="إغلاق كخسارة" languagecode="1025" />
        <Title description="Затваряне като загубено" languagecode="1026" />
        <Title description="Tanca com a perdut" languagecode="1027" />
        <Title description="Uzavřít jako ztraceno" languagecode="1029" />
        <Title description="Luk som tabt" languagecode="1030" />
        <Title description="Als Verloren schließen" languagecode="1031" />
        <Title description="Κλείσιμο ως χαμένο" languagecode="1032" />
        <Title description="Cerrar como perdida" languagecode="3082" />
        <Title description="Sule kaotatuna" languagecode="1061" />
        <Title description="Itxi galdutako gisa" languagecode="1069" />
        <Title description="Sulje hävittynä" languagecode="1035" />
        <Title description="Fermer comme Perdu" languagecode="1036" />
        <Title description="Pechar como perdida" languagecode="1110" />
        <Title description="סגור כהפסד" languagecode="1037" />
        <Title description="खोए हुए के रूप में बंद करें" languagecode="1081" />
        <Title description="Zatvori kao izgubljeno" languagecode="1050" />
        <Title description="Bezárás elvesztettként" languagecode="1038" />
        <Title description="Tutup sebagai kerugian" languagecode="1057" />
        <Title description="Chiudi come persa" languagecode="1040" />
        <Title description="失注としてクローズ" languagecode="1041" />
        <Title description="Жоғалған ретінде жабу" languagecode="1087" />
        <Title description="실패로 종료" languagecode="1042" />
        <Title description="Uždaryti kaip prarastą" languagecode="1063" />
        <Title description="Slēgt kā zaudētu" languagecode="1062" />
        <Title description="Tutup sebagai kalah" languagecode="1086" />
        <Title description="Lukk som tapt" languagecode="1044" />
        <Title description="Afsluiten als gemist" languagecode="1043" />
        <Title description="Zamknij jako utraconą" languagecode="1045" />
        <Title description="Fechar como perdida" languagecode="1046" />
        <Title description="Fechar como perdido" languagecode="2070" />
        <Title description="Închideți ca fiind pierdută" languagecode="1048" />
        <Title description="Закрыть как нереализованную" languagecode="1049" />
        <Title description="Uzavrieť ako nevyužité" languagecode="1051" />
        <Title description="Zapri kot izgubljeno" languagecode="1060" />
        <Title description="Затварање као неостварено" languagecode="10266" />
        <Title description="Zatvaranje kao neostvareno" languagecode="9242" />
        <Title description="Stäng som förlorad" languagecode="1053" />
        <Title description="ปิดในสถานะแพ้" languagecode="1054" />
        <Title description="Kaybedildi olarak kapat" languagecode="1055" />
        <Title description="Закрити як втрачену" languagecode="1058" />
        <Title description="Đóng với trạng thái đã mất" languagecode="1066" />
        <Title description="作为丢单结束" languagecode="2052" />
        <Title description="以未成交結案" languagecode="3076" />
        <Title description="以未成交結案" languagecode="1028" />
      </Titles>
    </LocLabel>
    <LocLabel Id="Mscrm_Form_opportunity_MainTab_Actions_MarkAsWon_ToolTipTitle">
      <Titles>
        <Title description="Close as Won" languagecode="1033" />
        <Title description="إغلاق كمكسب" languagecode="1025" />
        <Title description="Затваряне като спечелено" languagecode="1026" />
        <Title description="Tanca com a guanyat" languagecode="1027" />
        <Title description="Uzavřít jako získáno" languagecode="1029" />
        <Title description="Luk som vundet" languagecode="1030" />
        <Title description="Als Gewonnen schließen" languagecode="1031" />
        <Title description="Κλείσιμο ως κερδισμένο" languagecode="1032" />
        <Title description="Cerrar como lograda" languagecode="3082" />
        <Title description="Sule võidetuna" languagecode="1061" />
        <Title description="Itxi lortutako gisa" languagecode="1069" />
        <Title description="Sulje voitettuna" languagecode="1035" />
        <Title description="Fermer comme Conclu" languagecode="1036" />
        <Title description="Pechar como gañada" languagecode="1110" />
        <Title description="סגור כזכייה" languagecode="1037" />
        <Title description="जीते हुए के रूप में बंद करें" languagecode="1081" />
        <Title description="Zatvori kao osvojeno" languagecode="1050" />
        <Title description="Bezárás megnyertként" languagecode="1038" />
        <Title description="Tutup sebagai keuntungan" languagecode="1057" />
        <Title description="Chiudi come acquisita" languagecode="1040" />
        <Title description="受注としてクローズ" languagecode="1041" />
        <Title description="Ұтқан ретінде жабу" languagecode="1087" />
        <Title description="성공으로 종료" languagecode="1042" />
        <Title description="Uždaryti kaip laimėtą" languagecode="1063" />
        <Title description="Slēgt kā iegūtu" languagecode="1062" />
        <Title description="Tutup sebagai menang" languagecode="1086" />
        <Title description="Lukk som vunnet" languagecode="1044" />
        <Title description="Afsluiten als binnengehaald" languagecode="1043" />
        <Title description="Zamknij jako wykorzystaną" languagecode="1045" />
        <Title description="Fechar como ganha" languagecode="1046" />
        <Title description="Fechar como ganho" languagecode="2070" />
        <Title description="Închideți ca fiind câștigată" languagecode="1048" />
        <Title description="Закрыть как реализованную" languagecode="1049" />
        <Title description="Uzavrieť ako využité" languagecode="1051" />
        <Title description="Zapri kot pridobljeno" languagecode="1060" />
        <Title description="Затварање као остварено" languagecode="10266" />
        <Title description="Zatvaranje kao ostvareno" languagecode="9242" />
        <Title description="Stäng som vunnen" languagecode="1053" />
        <Title description="ปิดในสถานะชนะ" languagecode="1054" />
        <Title description="Kazanıldı olarak kapat" languagecode="1055" />
        <Title description="Закрити як реалізовану" languagecode="1058" />
        <Title description="Đóng với trạng thái đã giành được" languagecode="1066" />
        <Title description="作为赢单结束" languagecode="2052" />
        <Title description="以成交結案" languagecode="3076" />
        <Title description="以成交結案" languagecode="1028" />
      </Titles>
    </LocLabel>
    <LocLabel Id="Mscrm_Form_opportunity_MainTab_Actions_Recalculate_ToolTipTitle">
      <Titles>
        <Title description="Recalculate Opportunity" languagecode="1033" />
        <Title description="إعادة الحساب" languagecode="1025" />
        <Title description="Преизчисляване" languagecode="1026" />
        <Title description="Torna a calcular" languagecode="1027" />
        <Title description="Přepočítat" languagecode="1029" />
        <Title description="Genberegn" languagecode="1030" />
        <Title description="Neu berechnen" languagecode="1031" />
        <Title description="Επανάληψη υπολογισμού" languagecode="1032" />
        <Title description="Recalcular oportunidad" languagecode="3082" />
        <Title description="Arvuta ümber" languagecode="1061" />
        <Title description="Kalkulatu berriro" languagecode="1069" />
        <Title description="Laske uudelleen" languagecode="1035" />
        <Title description="Recalculer l’opportunité" languagecode="1036" />
        <Title description="Recalcular" languagecode="1110" />
        <Title description="חשב מחדש" languagecode="1037" />
        <Title description="पुनः परिकलित करें" languagecode="1081" />
        <Title description="Ponovni izračun" languagecode="1050" />
        <Title description="Újraszámítás" languagecode="1038" />
        <Title description="Hitung ulang" languagecode="1057" />
        <Title description="Ricalcola" languagecode="1040" />
        <Title description="再計算" languagecode="1041" />
        <Title description="Қайта есептеу" languagecode="1087" />
        <Title description="다시 계산" languagecode="1042" />
        <Title description="Perskaičiuoti" languagecode="1063" />
        <Title description="Pārrēķināt" languagecode="1062" />
        <Title description="Kira semula" languagecode="1086" />
        <Title description="Omberegn" languagecode="1044" />
        <Title description="Herberekenen" languagecode="1043" />
        <Title description="Oblicz ponownie" languagecode="1045" />
        <Title description="Recalcular" languagecode="1046" />
        <Title description="Recalcular" languagecode="2070" />
        <Title description="Recalculați" languagecode="1048" />
        <Title description="Пересчитать" languagecode="1049" />
        <Title description="Prepočítať" languagecode="1051" />
        <Title description="Vnovični izračun" languagecode="1060" />
        <Title description="Поновно израчунавање" languagecode="10266" />
        <Title description="Ponovno izračunavanje" languagecode="9242" />
        <Title description="Beräkna om" languagecode="1053" />
        <Title description="คำนวณใหม่" languagecode="1054" />
        <Title description="Yeniden hesapla" languagecode="1055" />
        <Title description="Переобчислити" languagecode="1058" />
        <Title description="Tính toán lại" languagecode="1066" />
        <Title description="重新计算" languagecode="2052" />
        <Title description="重新計算" languagecode="3076" />
        <Title description="重新計算" languagecode="1028" />
      </Titles>
    </LocLabel>
    <LocLabel Id="Mscrm_Form_opportunity_MainTab_Actions_ReopenOpp_ToolTipTitle">
      <Titles>
        <Title description="Reopen Opportunity" languagecode="1033" />
        <Title description="إعادة الفتح" languagecode="1025" />
        <Title description="Повторно отваряне" languagecode="1026" />
        <Title description="Torna a obrir" languagecode="1027" />
        <Title description="Znovu otevřít" languagecode="1029" />
        <Title description="Åbn igen" languagecode="1030" />
        <Title description="Erneut öffnen" languagecode="1031" />
        <Title description="Εκ νέου άνοιγμα" languagecode="1032" />
        <Title description="Volver a abrir oportunidad" languagecode="3082" />
        <Title description="Ava uuesti" languagecode="1061" />
        <Title description="Ireki berriro" languagecode="1069" />
        <Title description="Avaa uudelleen" languagecode="1035" />
        <Title description="Rouvrir l'opportunité" languagecode="1036" />
        <Title description="Reabrir" languagecode="1110" />
        <Title description="פתח מחדש" languagecode="1037" />
        <Title description="फिर से खोलें" languagecode="1081" />
        <Title description="Ponovo otvori" languagecode="1050" />
        <Title description="Újranyitás" languagecode="1038" />
        <Title description="Buka kembali" languagecode="1057" />
        <Title description="Riapri" languagecode="1040" />
        <Title description="再オープン" languagecode="1041" />
        <Title description="Қайта ашу" languagecode="1087" />
        <Title description="다시 시작" languagecode="1042" />
        <Title description="Atidaryti iš naujo" languagecode="1063" />
        <Title description="Atvērt atkārtoti" languagecode="1062" />
        <Title description="Buka semula" languagecode="1086" />
        <Title description="Åpne på nytt" languagecode="1044" />
        <Title description="Opnieuw openen" languagecode="1043" />
        <Title description="Otwórz ponownie" languagecode="1045" />
        <Title description="Reabrir" languagecode="1046" />
        <Title description="Reabrir" languagecode="2070" />
        <Title description="Redeschideți" languagecode="1048" />
        <Title description="Открыть повторно" languagecode="1049" />
        <Title description="Znova otvoriť" languagecode="1051" />
        <Title description="Znova odpri" languagecode="1060" />
        <Title description="Поновно отварање" languagecode="10266" />
        <Title description="Ponovno otvaranje" languagecode="9242" />
        <Title description="Öppna igen" languagecode="1053" />
        <Title description="เปิดใหม่" languagecode="1054" />
        <Title description="Yeniden aç" languagecode="1055" />
        <Title description="Відкрити повторно" languagecode="1058" />
        <Title description="Mở lại" languagecode="1066" />
        <Title description="重新打开" languagecode="2052" />
        <Title description="重新開啟" languagecode="3076" />
        <Title description="重新開啟" languagecode="1028" />
      </Titles>
    </LocLabel>
    <LocLabel Id="Mscrm_HomepageGrid_opportunity_MainTab_Actions_MarkAsLost_ToolTipTitle">
      <Titles>
        <Title description="Close as Lost" languagecode="1033" />
        <Title description="إغلاق كخسارة" languagecode="1025" />
        <Title description="Затваряне като загубено" languagecode="1026" />
        <Title description="Tanca com a perdut" languagecode="1027" />
        <Title description="Uzavřít jako ztraceno" languagecode="1029" />
        <Title description="Luk som tabt" languagecode="1030" />
        <Title description="Als Verloren schließen" languagecode="1031" />
        <Title description="Κλείσιμο ως χαμένο" languagecode="1032" />
        <Title description="Cerrar como perdida" languagecode="3082" />
        <Title description="Sule kaotatuna" languagecode="1061" />
        <Title description="Itxi galdutako gisa" languagecode="1069" />
        <Title description="Sulje hävittynä" languagecode="1035" />
        <Title description="Fermer comme Perdu" languagecode="1036" />
        <Title description="Pechar como perdida" languagecode="1110" />
        <Title description="סגור כהפסד" languagecode="1037" />
        <Title description="खोए हुए के रूप में बंद करें" languagecode="1081" />
        <Title description="Zatvori kao izgubljeno" languagecode="1050" />
        <Title description="Bezárás elvesztettként" languagecode="1038" />
        <Title description="Tutup sebagai kerugian" languagecode="1057" />
        <Title description="Chiudi come persa" languagecode="1040" />
        <Title description="失注としてクローズ" languagecode="1041" />
        <Title description="Жоғалған ретінде жабу" languagecode="1087" />
        <Title description="실패로 종료" languagecode="1042" />
        <Title description="Uždaryti kaip prarastą" languagecode="1063" />
        <Title description="Slēgt kā zaudētu" languagecode="1062" />
        <Title description="Tutup sebagai kalah" languagecode="1086" />
        <Title description="Lukk som tapt" languagecode="1044" />
        <Title description="Afsluiten als gemist" languagecode="1043" />
        <Title description="Zamknij jako utraconą" languagecode="1045" />
        <Title description="Fechar como perdida" languagecode="1046" />
        <Title description="Fechar como perdido" languagecode="2070" />
        <Title description="Închideți ca fiind pierdută" languagecode="1048" />
        <Title description="Закрыть как нереализованную" languagecode="1049" />
        <Title description="Uzavrieť ako nevyužité" languagecode="1051" />
        <Title description="Zapri kot izgubljeno" languagecode="1060" />
        <Title description="Затварање као неостварено" languagecode="10266" />
        <Title description="Zatvaranje kao neostvareno" languagecode="9242" />
        <Title description="Stäng som förlorad" languagecode="1053" />
        <Title description="ปิดในสถานะแพ้" languagecode="1054" />
        <Title description="Kaybedildi olarak kapat" languagecode="1055" />
        <Title description="Закрити як втрачену" languagecode="1058" />
        <Title description="Đóng với trạng thái đã mất" languagecode="1066" />
        <Title description="作为丢单结束" languagecode="2052" />
        <Title description="以未成交結案" languagecode="3076" />
        <Title description="以未成交結案" languagecode="1028" />
      </Titles>
    </LocLabel>
    <LocLabel Id="Mscrm_HomepageGrid_opportunity_MainTab_Actions_MarkAsWon_ToolTipTitle">
      <Titles>
        <Title description="Close as Won" languagecode="1033" />
        <Title description="إغلاق كمكسب" languagecode="1025" />
        <Title description="Затваряне като спечелено" languagecode="1026" />
        <Title description="Tanca com a guanyat" languagecode="1027" />
        <Title description="Uzavřít jako získáno" languagecode="1029" />
        <Title description="Luk som vundet" languagecode="1030" />
        <Title description="Als Gewonnen schließen" languagecode="1031" />
        <Title description="Κλείσιμο ως κερδισμένο" languagecode="1032" />
        <Title description="Cerrar como lograda" languagecode="3082" />
        <Title description="Sule võidetuna" languagecode="1061" />
        <Title description="Itxi lortutako gisa" languagecode="1069" />
        <Title description="Sulje voitettuna" languagecode="1035" />
        <Title description="Fermer comme Conclu" languagecode="1036" />
        <Title description="Pechar como gañada" languagecode="1110" />
        <Title description="סגור כזכייה" languagecode="1037" />
        <Title description="जीते हुए के रूप में बंद करें" languagecode="1081" />
        <Title description="Zatvori kao osvojeno" languagecode="1050" />
        <Title description="Bezárás megnyertként" languagecode="1038" />
        <Title description="Tutup sebagai keuntungan" languagecode="1057" />
        <Title description="Chiudi come acquisita" languagecode="1040" />
        <Title description="受注としてクローズ" languagecode="1041" />
        <Title description="Ұтқан ретінде жабу" languagecode="1087" />
        <Title description="성공으로 종료" languagecode="1042" />
        <Title description="Uždaryti kaip laimėtą" languagecode="1063" />
        <Title description="Slēgt kā iegūtu" languagecode="1062" />
        <Title description="Tutup sebagai menang" languagecode="1086" />
        <Title description="Lukk som vunnet" languagecode="1044" />
        <Title description="Afsluiten als binnengehaald" languagecode="1043" />
        <Title description="Zamknij jako wykorzystaną" languagecode="1045" />
        <Title description="Fechar como ganha" languagecode="1046" />
        <Title description="Fechar como ganho" languagecode="2070" />
        <Title description="Închideți ca fiind câștigată" languagecode="1048" />
        <Title description="Закрыть как реализованную" languagecode="1049" />
        <Title description="Uzavrieť ako využité" languagecode="1051" />
        <Title description="Zapri kot pridobljeno" languagecode="1060" />
        <Title description="Затварање као остварено" languagecode="10266" />
        <Title description="Zatvaranje kao ostvareno" languagecode="9242" />
        <Title description="Stäng som vunnen" languagecode="1053" />
        <Title description="ปิดในสถานะชนะ" languagecode="1054" />
        <Title description="Kazanıldı olarak kapat" languagecode="1055" />
        <Title description="Закрити як реалізовану" languagecode="1058" />
        <Title description="Đóng với trạng thái đã giành được" languagecode="1066" />
        <Title description="作为赢单结束" languagecode="2052" />
        <Title description="以成交結案" languagecode="3076" />
        <Title description="以成交結案" languagecode="1028" />
      </Titles>
    </LocLabel>
    <LocLabel Id="RefreshCommandBar.EditSalesProcess">
      <Titles>
        <Title description="Edit Process" languagecode="1033" />
        <Title description="تحرير العملية" languagecode="1025" />
        <Title description="Редактиране на процеса" languagecode="1026" />
        <Title description="Edita el procés" languagecode="1027" />
        <Title description="Upravit proces" languagecode="1029" />
        <Title description="Rediger proces" languagecode="1030" />
        <Title description="Prozess bearbeiten" languagecode="1031" />
        <Title description="Επεξεργασία διαδικασίας" languagecode="1032" />
        <Title description="Editar proceso" languagecode="3082" />
        <Title description="Redigeeri protsessi" languagecode="1061" />
        <Title description="Editatu prozesua" languagecode="1069" />
        <Title description="Muokkaa prosessia" languagecode="1035" />
        <Title description="Modifier le processus" languagecode="1036" />
        <Title description="Editar proceso" languagecode="1110" />
        <Title description="ערוך תהליך" languagecode="1037" />
        <Title description="प्रक्रिया संपादित करें" languagecode="1081" />
        <Title description="Uredi proces" languagecode="1050" />
        <Title description="Folyamat szerkesztése" languagecode="1038" />
        <Title description="Edit proses" languagecode="1057" />
        <Title description="Modifica processo" languagecode="1040" />
        <Title description="プロセスの編集" languagecode="1041" />
        <Title description="Процесті өңдеу" languagecode="1087" />
        <Title description="프로세스 편집" languagecode="1042" />
        <Title description="Redaguoti procesą" languagecode="1063" />
        <Title description="Rediģēt procesu" languagecode="1062" />
        <Title description="Edit proses" languagecode="1086" />
        <Title description="Rediger prosess" languagecode="1044" />
        <Title description="Proces bewerken" languagecode="1043" />
        <Title description="Edytuj proces" languagecode="1045" />
        <Title description="Editar processo" languagecode="1046" />
        <Title description="Editar processo" languagecode="2070" />
        <Title description="Editați procesul" languagecode="1048" />
        <Title description="Изменить процесс" languagecode="1049" />
        <Title description="Upraviť proces" languagecode="1051" />
        <Title description="Urejanje postopka" languagecode="1060" />
        <Title description="Уређивање процеса" languagecode="10266" />
        <Title description="Uređivanje procesa" languagecode="9242" />
        <Title description="Redigera process" languagecode="1053" />
        <Title description="แก้ไขกระบวนการ" languagecode="1054" />
        <Title description="Süreci düzenle" languagecode="1055" />
        <Title description="Змінити процес" languagecode="1058" />
        <Title description="Sửa quy trình" languagecode="1066" />
        <Title description="编辑流程" languagecode="2052" />
        <Title description="編輯程序" languagecode="3076" />
        <Title description="編輯程序" languagecode="1028" />
      </Titles>
    </LocLabel>
    <LocLabel Id="RefreshCommandBar.Process">
      <Titles>
        <Title description="Process" languagecode="1033" />
        <Title description="المعالجة" languagecode="1025" />
        <Title description="Процес" languagecode="1026" />
        <Title description="Procés" languagecode="1027" />
        <Title description="Proces" languagecode="1029" />
        <Title description="Proces" languagecode="1030" />
        <Title description="Verarbeiten" languagecode="1031" />
        <Title description="Διεργασία" languagecode="1032" />
        <Title description="Proceso" languagecode="3082" />
        <Title description="Protsess" languagecode="1061" />
        <Title description="Prozesua" languagecode="1069" />
        <Title description="Prosessi" languagecode="1035" />
        <Title description="Processus" languagecode="1036" />
        <Title description="Proceso" languagecode="1110" />
        <Title description="תהליך" languagecode="1037" />
        <Title description="प्रक्रिया" languagecode="1081" />
        <Title description="Proces" languagecode="1050" />
        <Title description="Folyamat" languagecode="1038" />
        <Title description="Proses" languagecode="1057" />
        <Title description="Processo" languagecode="1040" />
        <Title description="プロセス" languagecode="1041" />
        <Title description="Процесс" languagecode="1087" />
        <Title description="프로세스" languagecode="1042" />
        <Title description="Procesas" languagecode="1063" />
        <Title description="Process" languagecode="1062" />
        <Title description="Proses" languagecode="1086" />
        <Title description="Behandle" languagecode="1044" />
        <Title description="Proces" languagecode="1043" />
        <Title description="Przetwórz" languagecode="1045" />
        <Title description="Processar" languagecode="1046" />
        <Title description="Processar" languagecode="2070" />
        <Title description="Proces" languagecode="1048" />
        <Title description="Обработать" languagecode="1049" />
        <Title description="Spracovať" languagecode="1051" />
        <Title description="Obdelava" languagecode="1060" />
        <Title description="Процес" languagecode="10266" />
        <Title description="Proces" languagecode="9242" />
        <Title description="Process" languagecode="1053" />
        <Title description="การดำเนินการ" languagecode="1054" />
        <Title description="İşlem" languagecode="1055" />
        <Title description="Обробка" languagecode="1058" />
        <Title description="Quy trình" languagecode="1066" />
        <Title description="流程" languagecode="2052" />
        <Title description="程序​" languagecode="3076" />
        <Title description="程序​" languagecode="1028" />
      </Titles>
    </LocLabel>
    <LocLabel Id="RefreshCommandBar.Process">
      <Titles>
        <Title description="Process" languagecode="1033" />
        <Title description="المعالجة" languagecode="1025" />
        <Title description="Процес" languagecode="1026" />
        <Title description="Procés" languagecode="1027" />
        <Title description="Proces" languagecode="1029" />
        <Title description="Proces" languagecode="1030" />
        <Title description="Verarbeiten" languagecode="1031" />
        <Title description="Διεργασία" languagecode="1032" />
        <Title description="Proceso" languagecode="3082" />
        <Title description="Protsess" languagecode="1061" />
        <Title description="Prozesua" languagecode="1069" />
        <Title description="Prosessi" languagecode="1035" />
        <Title description="Processus" languagecode="1036" />
        <Title description="Proceso" languagecode="1110" />
        <Title description="תהליך" languagecode="1037" />
        <Title description="प्रक्रिया" languagecode="1081" />
        <Title description="Proces" languagecode="1050" />
        <Title description="Folyamat" languagecode="1038" />
        <Title description="Proses" languagecode="1057" />
        <Title description="Processo" languagecode="1040" />
        <Title description="プロセス" languagecode="1041" />
        <Title description="Процесс" languagecode="1087" />
        <Title description="프로세스" languagecode="1042" />
        <Title description="Procesas" languagecode="1063" />
        <Title description="Process" languagecode="1062" />
        <Title description="Proses" languagecode="1086" />
        <Title description="Behandle" languagecode="1044" />
        <Title description="Proces" languagecode="1043" />
        <Title description="Przetwórz" languagecode="1045" />
        <Title description="Processar" languagecode="1046" />
        <Title description="Processar" languagecode="2070" />
        <Title description="Proces" languagecode="1048" />
        <Title description="Обработать" languagecode="1049" />
        <Title description="Spracovať" languagecode="1051" />
        <Title description="Obdelava" languagecode="1060" />
        <Title description="Процес" languagecode="10266" />
        <Title description="Proces" languagecode="9242" />
        <Title description="Process" languagecode="1053" />
        <Title description="การดำเนินการ" languagecode="1054" />
        <Title description="İşlem" languagecode="1055" />
        <Title description="Обробка" languagecode="1058" />
        <Title description="Quy trình" languagecode="1066" />
        <Title description="流程" languagecode="2052" />
        <Title description="程序​" languagecode="3076" />
        <Title description="程序​" languagecode="1028" />
      </Titles>
    </LocLabel>
    <LocLabel Id="RefreshCommandBar.SwitchProcess">
      <Titles>
        <Title description="Switch Process" languagecode="1033" />
        <Title description="تبديل العملية" languagecode="1025" />
        <Title description="Превключване на процес" languagecode="1026" />
        <Title description="Canvia el procés" languagecode="1027" />
        <Title description="Přepnout proces" languagecode="1029" />
        <Title description="Skift proces" languagecode="1030" />
        <Title description="Prozess wechseln" languagecode="1031" />
        <Title description="Αλλαγή διαδικασίας" languagecode="1032" />
        <Title description="Cambiar proceso" languagecode="3082" />
        <Title description="Vaheta protsessi" languagecode="1061" />
        <Title description="Aldatu prozesua" languagecode="1069" />
        <Title description="Vaihda prosessia" languagecode="1035" />
        <Title description="Changer de processus" languagecode="1036" />
        <Title description="Mudar proceso" languagecode="1110" />
        <Title description="החלף תהליך" languagecode="1037" />
        <Title description="प्रक्रिया स्विच करें" languagecode="1081" />
        <Title description="Promijeni proces" languagecode="1050" />
        <Title description="Folyamatváltás" languagecode="1038" />
        <Title description="Alihkan proses" languagecode="1057" />
        <Title description="Cambia processo" languagecode="1040" />
        <Title description="プロセスの切り替え" languagecode="1041" />
        <Title description="Процесті ауыстыру" languagecode="1087" />
        <Title description="프로세스 전환" languagecode="1042" />
        <Title description="Perjungti procesą" languagecode="1063" />
        <Title description="Pārslēgt procesu" languagecode="1062" />
        <Title description="Tukar proses" languagecode="1086" />
        <Title description="Bytt prosess" languagecode="1044" />
        <Title description="Van proces wisselen" languagecode="1043" />
        <Title description="Przełącz proces" languagecode="1045" />
        <Title description="Alternar processo" languagecode="1046" />
        <Title description="Mudar de processo" languagecode="2070" />
        <Title description="Comutați procesul" languagecode="1048" />
        <Title description="Переключить процесс" languagecode="1049" />
        <Title description="Prepnúť proces" languagecode="1051" />
        <Title description="Preklop postopka" languagecode="1060" />
        <Title description="Пребацивање процеса" languagecode="10266" />
        <Title description="Prebacivanje procesa" languagecode="9242" />
        <Title description="Växla process" languagecode="1053" />
        <Title description="สลับกระบวนการ" languagecode="1054" />
        <Title description="Süreci değiştir" languagecode="1055" />
        <Title description="Вибрати інший процес" languagecode="1058" />
        <Title description="Chuyển quy trình" languagecode="1066" />
        <Title description="切换流程" languagecode="2052" />
        <Title description="切換程序" languagecode="3076" />
        <Title description="切換程序" languagecode="1028" />
      </Titles>
    </LocLabel>
    <LocLabel Id="Ribbon.Form.opportunity.MainTab.Actions.MarkAsLost">
      <Titles>
        <Title description="Close as Lost" languagecode="1033" />
        <Title description="إغلاق كخسارة" languagecode="1025" />
        <Title description="Затваряне като загубено" languagecode="1026" />
        <Title description="Tanca com a perdut" languagecode="1027" />
        <Title description="Uzavřít jako ztraceno" languagecode="1029" />
        <Title description="Luk som tabt" languagecode="1030" />
        <Title description="Als Verloren schließen" languagecode="1031" />
        <Title description="Κλείσιμο ως χαμένο" languagecode="1032" />
        <Title description="Cerrar como perdida" languagecode="3082" />
        <Title description="Sule kaotatuna" languagecode="1061" />
        <Title description="Itxi galdutako gisa" languagecode="1069" />
        <Title description="Sulje hävittynä" languagecode="1035" />
        <Title description="Fermer comme Perdu" languagecode="1036" />
        <Title description="Pechar como perdida" languagecode="1110" />
        <Title description="סגור כהפסד" languagecode="1037" />
        <Title description="खोए हुए के रूप में बंद करें" languagecode="1081" />
        <Title description="Zatvori kao izgubljeno" languagecode="1050" />
        <Title description="Bezárás elvesztettként" languagecode="1038" />
        <Title description="Tutup sebagai kerugian" languagecode="1057" />
        <Title description="Chiudi come persa" languagecode="1040" />
        <Title description="失注としてクローズ" languagecode="1041" />
        <Title description="Жоғалған ретінде жабу" languagecode="1087" />
        <Title description="실패로 종료" languagecode="1042" />
        <Title description="Uždaryti kaip prarastą" languagecode="1063" />
        <Title description="Slēgt kā zaudētu" languagecode="1062" />
        <Title description="Tutup sebagai kalah" languagecode="1086" />
        <Title description="Lukk som tapt" languagecode="1044" />
        <Title description="Afsluiten als gemist" languagecode="1043" />
        <Title description="Zamknij jako utraconą" languagecode="1045" />
        <Title description="Fechar como perdida" languagecode="1046" />
        <Title description="Fechar como perdido" languagecode="2070" />
        <Title description="Închideți ca fiind pierdută" languagecode="1048" />
        <Title description="Закрыть как нереализованную" languagecode="1049" />
        <Title description="Uzavrieť ako nevyužité" languagecode="1051" />
        <Title description="Zapri kot izgubljeno" languagecode="1060" />
        <Title description="Затварање као неостварено" languagecode="10266" />
        <Title description="Zatvaranje kao neostvareno" languagecode="9242" />
        <Title description="Stäng som förlorad" languagecode="1053" />
        <Title description="ปิดในสถานะแพ้" languagecode="1054" />
        <Title description="Kaybedildi olarak kapat" languagecode="1055" />
        <Title description="Закрити як втрачену" languagecode="1058" />
        <Title description="Đóng với trạng thái đã mất" languagecode="1066" />
        <Title description="作为丢单结束" languagecode="2052" />
        <Title description="以未成交結案" languagecode="3076" />
        <Title description="以未成交結案" languagecode="1028" />
      </Titles>
    </LocLabel>
    <LocLabel Id="Ribbon.Form.opportunity.MainTab.Actions.MarkAsWon">
      <Titles>
        <Title description="Close as Won" languagecode="1033" />
        <Title description="إغلاق كمكسب" languagecode="1025" />
        <Title description="Затваряне като спечелено" languagecode="1026" />
        <Title description="Tanca com a guanyat" languagecode="1027" />
        <Title description="Uzavřít jako získáno" languagecode="1029" />
        <Title description="Luk som vundet" languagecode="1030" />
        <Title description="Als Gewonnen schließen" languagecode="1031" />
        <Title description="Κλείσιμο ως κερδισμένο" languagecode="1032" />
        <Title description="Cerrar como lograda" languagecode="3082" />
        <Title description="Sule võidetuna" languagecode="1061" />
        <Title description="Itxi lortutako gisa" languagecode="1069" />
        <Title description="Sulje voitettuna" languagecode="1035" />
        <Title description="Fermer comme Conclu" languagecode="1036" />
        <Title description="Pechar como gañada" languagecode="1110" />
        <Title description="סגור כזכייה" languagecode="1037" />
        <Title description="जीते हुए के रूप में बंद करें" languagecode="1081" />
        <Title description="Zatvori kao osvojeno" languagecode="1050" />
        <Title description="Bezárás megnyertként" languagecode="1038" />
        <Title description="Tutup sebagai keuntungan" languagecode="1057" />
        <Title description="Chiudi come acquisita" languagecode="1040" />
        <Title description="受注としてクローズ" languagecode="1041" />
        <Title description="Ұтқан ретінде жабу" languagecode="1087" />
        <Title description="성공으로 종료" languagecode="1042" />
        <Title description="Uždaryti kaip laimėtą" languagecode="1063" />
        <Title description="Slēgt kā iegūtu" languagecode="1062" />
        <Title description="Tutup sebagai menang" languagecode="1086" />
        <Title description="Lukk som vunnet" languagecode="1044" />
        <Title description="Afsluiten als binnengehaald" languagecode="1043" />
        <Title description="Zamknij jako wykorzystaną" languagecode="1045" />
        <Title description="Fechar como ganha" languagecode="1046" />
        <Title description="Fechar como ganho" languagecode="2070" />
        <Title description="Închideți ca fiind câștigată" languagecode="1048" />
        <Title description="Закрыть как реализованную" languagecode="1049" />
        <Title description="Uzavrieť ako využité" languagecode="1051" />
        <Title description="Zapri kot pridobljeno" languagecode="1060" />
        <Title description="Затварање као остварено" languagecode="10266" />
        <Title description="Zatvaranje kao ostvareno" languagecode="9242" />
        <Title description="Stäng som vunnen" languagecode="1053" />
        <Title description="ปิดในสถานะชนะ" languagecode="1054" />
        <Title description="Kazanıldı olarak kapat" languagecode="1055" />
        <Title description="Закрити як реалізовану" languagecode="1058" />
        <Title description="Đóng với trạng thái đã giành được" languagecode="1066" />
        <Title description="作为赢单结束" languagecode="2052" />
        <Title description="以成交結案" languagecode="3076" />
        <Title description="以成交結案" languagecode="1028" />
      </Titles>
    </LocLabel>
    <LocLabel Id="Ribbon.Form.opportunity.MainTab.Actions.Recalculate">
      <Titles>
        <Title description="Recalculate Opportunity" languagecode="1033" />
        <Title description="إعادة الحساب" languagecode="1025" />
        <Title description="Преизчисляване" languagecode="1026" />
        <Title description="Torna a calcular" languagecode="1027" />
        <Title description="Přepočítat" languagecode="1029" />
        <Title description="Genberegn" languagecode="1030" />
        <Title description="Neu berechnen" languagecode="1031" />
        <Title description="Επανάληψη υπολογισμού" languagecode="1032" />
        <Title description="Recalcular oportunidad" languagecode="3082" />
        <Title description="Arvuta ümber" languagecode="1061" />
        <Title description="Kalkulatu berriro" languagecode="1069" />
        <Title description="Laske uudelleen" languagecode="1035" />
        <Title description="Recalculer l’opportunité" languagecode="1036" />
        <Title description="Recalcular" languagecode="1110" />
        <Title description="חשב מחדש" languagecode="1037" />
        <Title description="पुनः परिकलित करें" languagecode="1081" />
        <Title description="Ponovni izračun" languagecode="1050" />
        <Title description="Újraszámítás" languagecode="1038" />
        <Title description="Hitung ulang" languagecode="1057" />
        <Title description="Ricalcola" languagecode="1040" />
        <Title description="再計算" languagecode="1041" />
        <Title description="Қайта есептеу" languagecode="1087" />
        <Title description="다시 계산" languagecode="1042" />
        <Title description="Perskaičiuoti" languagecode="1063" />
        <Title description="Pārrēķināt" languagecode="1062" />
        <Title description="Kira semula" languagecode="1086" />
        <Title description="Omberegn" languagecode="1044" />
        <Title description="Herberekenen" languagecode="1043" />
        <Title description="Oblicz ponownie" languagecode="1045" />
        <Title description="Recalcular" languagecode="1046" />
        <Title description="Recalcular" languagecode="2070" />
        <Title description="Recalculați" languagecode="1048" />
        <Title description="Пересчитать" languagecode="1049" />
        <Title description="Prepočítať" languagecode="1051" />
        <Title description="Vnovični izračun" languagecode="1060" />
        <Title description="Поновно израчунавање" languagecode="10266" />
        <Title description="Ponovno izračunavanje" languagecode="9242" />
        <Title description="Beräkna om" languagecode="1053" />
        <Title description="คำนวณใหม่" languagecode="1054" />
        <Title description="Yeniden hesapla" languagecode="1055" />
        <Title description="Переобчислити" languagecode="1058" />
        <Title description="Tính toán lại" languagecode="1066" />
        <Title description="重新计算" languagecode="2052" />
        <Title description="重新計算" languagecode="3076" />
        <Title description="重新計算" languagecode="1028" />
      </Titles>
    </LocLabel>
  </LocLabels>
</RibbonDiffXml>