﻿<?xml version="1.0" encoding="utf-8"?>
<WebResource xmlns:xsi="http://www.w3.org/2001/XMLSchema-instance">
  <WebResourceId>{b75b5092-a132-ef11-8409-002248227f48}</WebResourceId>
  <Name>kofc_Eapp</Name>
  <DisplayName>Eapp Sitemap</DisplayName>
  <WebResourceType>1</WebResourceType>
  <IntroducedVersion>1.0.0.0</IntroducedVersion>
  <IsEnabledForMobileClient>0</IsEnabledForMobileClient>
  <IsAvailableForMobileOffline>0</IsAvailableForMobileOffline>
  <IsCustomizable>1</IsCustomizable>
  <CanBeDeleted>1</CanBeDeleted>
  <IsHidden>0</IsHidden>
  <FileName>/WebResources/kofc_EappB75B5092-A132-EF11-8409-002248227F48</FileName>
</WebResource>