﻿<?xml version="1.0" encoding="utf-8"?>
<WebResource xmlns:xsi="http://www.w3.org/2001/XMLSchema-instance">
  <WebResourceId>{197f1f64-2dfe-ed11-8f6e-000d3a578997}</WebResourceId>
  <Name>kofc_Opportunity</Name>
  <DisplayName>Opportunity</DisplayName>
  <LanguageCode>1033</LanguageCode>
  <WebResourceType>3</WebResourceType>
  <IntroducedVersion>1.0.0.0</IntroducedVersion>
  <IsEnabledForMobileClient>0</IsEnabledForMobileClient>
  <IsAvailableForMobileOffline>0</IsAvailableForMobileOffline>
  <DependencyXml>&lt;Dependencies&gt;&lt;Dependency componentType="WebResource"&gt;&lt;Library name="kofc_/resx/messages.1033.resx" displayName="Resx/messages.1033.resx" languagecode="1033" description="" libraryUniqueId="{442bda64-2bd7-6e59-8bb4-b9ae7c63da82}"/&gt;&lt;Library name="kofc_/resx/messages.1036.resx" displayName="Resx/messages.1036.resx" languagecode="1036" description="" libraryUniqueId="{3b7ae126-2511-022e-b0e1-ade80da4d725}"/&gt;&lt;/Dependency&gt;&lt;/Dependencies&gt;</DependencyXml>
  <IsCustomizable>1</IsCustomizable>
  <CanBeDeleted>1</CanBeDeleted>
  <IsHidden>0</IsHidden>
  <FileName>/WebResources/kofc_Opportunity197F1F64-2DFE-ED11-8F6E-000D3A578997</FileName>
</WebResource>