<environmentvariabledefinition schemaname="kofc_EappIntfunctionURL">
  <defaultvalue>https://agentportaluserprofile.azurewebsites.net/api/getSOReqForEappSSO?code=0piTPXXI-GGugSx8DkLR3kFJel4FbHKC6M1SvhbzXe0RAzFuGcD2xg==</defaultvalue>
  <description default="Eapp integration function app URL">
    <label description="Eapp integration function app URL" languagecode="1033" />
  </description>
  <displayname default="Eapp Int function URL">
    <label description="Eapp Int function URL" languagecode="1033" />
  </displayname>
  <introducedversion>1.0.0.0</introducedversion>
  <iscustomizable>1</iscustomizable>
  <isrequired>0</isrequired>
  <secretstore>0</secretstore>
  <type>100000000</type>
</environmentvariabledefinition>