﻿<?xml version="1.0" encoding="utf-8"?>
<Role id="{1b1bbee2-fc45-ef11-8409-0022481d1ae7}" name="Home Office Eapp Role" xmlns:xsi="http://www.w3.org/2001/XMLSchema-instance">
  <IsCustomizable>1</IsCustomizable>
  <RolePrivileges>
    <RolePrivilege name="prvActivateSynchronousWorkflow" level="Basic" />
    <RolePrivilege name="prvAddressBook" level="Global" />
    <RolePrivilege name="prvAllowQuickCampaign" level="Global" />
    <RolePrivilege name="prvAppendAccount" level="Global" />
    <RolePrivilege name="prvAppendActionCard" level="Basic" />
    <RolePrivilege name="prvAppendActivity" level="Global" />
    <RolePrivilege name="prvAppendAppUserSetting" level="Global" />
    <RolePrivilege name="prvAppendArticle" level="Global" />
    <RolePrivilege name="prvAppendBookableResource" level="Local" />
    <RolePrivilege name="prvAppendBookableResourceBookingHeader" level="Local" />
    <RolePrivilege name="prvAppendBookableResourceCategory" level="Local" />
    <RolePrivilege name="prvAppendBookableResourceCategoryAssn" level="Local" />
    <RolePrivilege name="prvAppendBookableResourceCharacteristic" level="Local" />
    <RolePrivilege name="prvAppendBookableResourceGroup" level="Local" />
    <RolePrivilege name="prvAppendBookingStatus" level="Local" />
    <RolePrivilege name="prvAppendCalendar" level="Local" />
    <RolePrivilege name="prvAppendCampaign" level="Global" />
    <RolePrivilege name="prvAppendCategory" level="Global" />
    <RolePrivilege name="prvAppendChannelPropertyGroup" level="Global" />
    <RolePrivilege name="prvAppendCharacteristic" level="Local" />
    <RolePrivilege name="prvAppendCompetitor" level="Global" />
    <RolePrivilege name="prvAppendConnection" level="Global" />
    <RolePrivilege name="prvAppendConnectionRole" level="Global" />
    <RolePrivilege name="prvAppendConstraint" level="Global" />
    <RolePrivilege name="prvAppendContact" level="Global" />
    <RolePrivilege name="prvAppendContract" level="Local" />
    <RolePrivilege name="prvAppendConvertRule" level="Global" />
    <RolePrivilege name="prvAppendCustomerOpportunityRole" level="Global" />
    <RolePrivilege name="prvAppendCustomerRelationship" level="Global" />
    <RolePrivilege name="prvAppendDynamicProperty" level="Global" />
    <RolePrivilege name="prvAppendDynamicPropertyAssociation" level="Global" />
    <RolePrivilege name="prvAppendDynamicPropertyInstance" level="Global" />
    <RolePrivilege name="prvAppendDynamicPropertyOptionSetItem" level="Global" />
    <RolePrivilege name="prvAppendEmailTemplate" level="Local" />
    <RolePrivilege name="prvAppendEntitlement" level="Global" />
    <RolePrivilege name="prvAppendEntitlementTemplate" level="Global" />
    <RolePrivilege name="prvAppendExpiredProcess" level="Global" />
    <RolePrivilege name="prvAppendFeedback" level="Global" />
    <RolePrivilege name="prvAppendGoal" level="Local" />
    <RolePrivilege name="prvAppendGoalRollupQuery" level="Local" />
    <RolePrivilege name="prvAppendImport" level="Basic" />
    <RolePrivilege name="prvAppendImportFile" level="Basic" />
    <RolePrivilege name="prvAppendImportMap" level="Local" />
    <RolePrivilege name="prvAppendIncident" level="Local" />
    <RolePrivilege name="prvAppendInvoice" level="Local" />
    <RolePrivilege name="prvAppendKnowledgeArticle" level="Global" />
    <RolePrivilege name="prvAppendKnowledgeArticleViews" level="Global" />
    <RolePrivilege name="prvAppendKnowledgeBaseRecord" level="Global" />
    <RolePrivilege name="prvAppendkofc_activitytype" level="Global" />
    <RolePrivilege name="prvAppendkofc_customertype" level="Global" />
    <RolePrivilege name="prvAppendkofc_FraternalSitemapControl" level="Global" />
    <RolePrivilege name="prvAppendkofc_InsuranceSitemapControl" level="Global" />
    <RolePrivilege name="prvAppendkofc_leadsubtype" level="Global" />
    <RolePrivilege name="prvAppendkofc_leadtoopportunityforcharity" level="Global" />
    <RolePrivilege name="prvAppendkofc_leadtoopportunityforfraternal" level="Global" />
    <RolePrivilege name="prvAppendkofc_leadtoopportunityforinstitutionalinvestment" level="Global" />
    <RolePrivilege name="prvAppendkofc_leadtoopportunityforinsurance" level="Global" />
    <RolePrivilege name="prvAppendkofc_leadtoopportunityforkccf" level="Global" />
    <RolePrivilege name="prvAppendkofc_leadtoopportunityforretailinvestment" level="Global" />
    <RolePrivilege name="prvAppendkofc_leadtoopportunitysalesprocesscharity" level="Global" />
    <RolePrivilege name="prvAppendkofc_leadtoopportunitysalesprocessfraternal" level="Global" />
    <RolePrivilege name="prvAppendkofc_leadtoopportunitysalesprocessinsurance" level="Global" />
    <RolePrivilege name="prvAppendkofc_leadtoopportunitysalesprocesskccf" level="Global" />
    <RolePrivilege name="prvAppendkofc_opportunityproductrelation" level="Global" />
    <RolePrivilege name="prvAppendkofc_opportunitysalesprocessinstitutionalinvestment" level="Global" />
    <RolePrivilege name="prvAppendkofc_opportunitysalesprocessnewmember" level="Global" />
    <RolePrivilege name="prvAppendkofc_opportunitysalesprocessrecruiting" level="Global" />
    <RolePrivilege name="prvAppendkofc_opportunitysalesprocessrecruitingiar" level="Global" />
    <RolePrivilege name="prvAppendkofc_opportunitysalesprocessretailinvestment" level="Global" />
    <RolePrivilege name="prvAppendkofc_productsubcategory" level="Global" />
    <RolePrivilege name="prvAppendkofc_recruitinglead" level="Global" />
    <RolePrivilege name="prvAppendLanguageLocale" level="Global" />
    <RolePrivilege name="prvAppendLead" level="Global" />
    <RolePrivilege name="prvAppendLeadToOpportunitySalesProcess" level="Global" />
    <RolePrivilege name="prvAppendList" level="Deep" />
    <RolePrivilege name="prvAppendlistoperation" level="Deep" />
    <RolePrivilege name="prvAppendMailbox" level="Basic" />
    <RolePrivilege name="prvAppendMailboxTrackingFolder" level="Basic" />
    <RolePrivilege name="prvAppendMailMergeTemplate" level="Basic" />
    <RolePrivilege name="prvAppendMetric" level="Global" />
    <RolePrivilege name="prvAppendmsdyn_actioncardactionstat" level="Global" />
    <RolePrivilege name="prvAppendmsdyn_actioncardregarding" level="Basic" />
    <RolePrivilege name="prvAppendmsdyn_actioncardrolesetting" level="Basic" />
    <RolePrivilege name="prvAppendmsdyn_crmconnection" level="Basic" />
    <RolePrivilege name="prvAppendmsdyn_duplicateleadmapping" level="Global" />
    <RolePrivilege name="prvAppendmsdyn_entityrankingrule" level="Basic" />
    <RolePrivilege name="prvAppendmsdyn_favoriteknowledgearticle" level="Global" />
    <RolePrivilege name="prvAppendmsdyn_flowcardtype" level="Basic" />
    <RolePrivilege name="prvAppendmsdyn_kbattachment" level="Global" />
    <RolePrivilege name="prvAppendmsdyn_ocsystemmessage" level="Global" />
    <RolePrivilege name="prvAppendmsdyn_orgchartnode" level="Global" />
    <RolePrivilege name="prvAppendmsdyn_PostAlbum" level="Basic" />
    <RolePrivilege name="prvAppendmsdyn_recording" level="Local" />
    <RolePrivilege name="prvAppendmsdyn_salesinsightssettings" level="Basic" />
    <RolePrivilege name="prvAppendmsdyn_salesocmessage" level="Basic" />
    <RolePrivilege name="prvAppendmsdyn_salestag" level="Local" />
    <RolePrivilege name="prvAppendmsdyn_sequence" level="Basic" />
    <RolePrivilege name="prvAppendmsdyn_sequencetarget" level="Local" />
    <RolePrivilege name="prvAppendmsdyn_sequencetargetstep" level="Local" />
    <RolePrivilege name="prvAppendmsdyn_taggedrecord" level="Basic" />
    <RolePrivilege name="prvAppendmsdyn_transcript" level="Basic" />
    <RolePrivilege name="prvAppendmsdyn_vivacustomerlist" level="Basic" />
    <RolePrivilege name="prvAppendmsdyn_vivausersetting" level="Basic" />
    <RolePrivilege name="prvAppendmsdyn_wallsavedqueryusersettings" level="Basic" />
    <RolePrivilege name="prvAppendmsdyncrm_phonecallactivity" level="Global" />
    <RolePrivilege name="prvAppendmsdyncrm_taskactivity" level="Global" />
    <RolePrivilege name="prvAppendmsdynmkt_email" level="Global" />
    <RolePrivilege name="prvAppendNewProcess" level="Global" />
    <RolePrivilege name="prvAppendNote" level="Global" />
    <RolePrivilege name="prvAppendOpportunity" level="Global" />
    <RolePrivilege name="prvAppendOrder" level="Local" />
    <RolePrivilege name="prvAppendPersonalDocumentTemplate" level="Basic" />
    <RolePrivilege name="prvAppendPhoneToCaseProcess" level="Global" />
    <RolePrivilege name="prvAppendPost" level="Global" />
    <RolePrivilege name="prvAppendPostFollow" level="Basic" />
    <RolePrivilege name="prvAppendProduct" level="Global" />
    <RolePrivilege name="prvAppendQuote" level="Local" />
    <RolePrivilege name="prvAppendRatingModel" level="Local" />
    <RolePrivilege name="prvAppendRatingValue" level="Local" />
    <RolePrivilege name="prvAppendReport" level="Basic" />
    <RolePrivilege name="prvAppendResourceBookingDetail" level="Local" />
    <RolePrivilege name="prvAppendRoutingRule" level="Global" />
    <RolePrivilege name="prvAppendSalesLiterature" level="Global" />
    <RolePrivilege name="prvAppendService" level="Global" />
    <RolePrivilege name="prvAppendSharePointData" level="Global" />
    <RolePrivilege name="prvAppendSharePointDocument" level="Global" />
    <RolePrivilege name="prvAppendSharePointDocumentLocation" level="Global" />
    <RolePrivilege name="prvAppendSLA" level="Global" />
    <RolePrivilege name="prvAppendSLAKPIInstance" level="Global" />
    <RolePrivilege name="prvAppendSocialProfile" level="Global" />
    <RolePrivilege name="prvAppendSyncError" level="Basic" />
    <RolePrivilege name="prvAppendToAccount" level="Deep" />
    <RolePrivilege name="prvAppendToActionCard" level="Global" />
    <RolePrivilege name="prvAppendToActivity" level="Deep" />
    <RolePrivilege name="prvAppendToArticleTemplate" level="Global" />
    <RolePrivilege name="prvAppendToAsyncOperation" level="Basic" />
    <RolePrivilege name="prvAppendToBookableResource" level="Local" />
    <RolePrivilege name="prvAppendToBookableResourceBooking" level="Local" />
    <RolePrivilege name="prvAppendToBookableResourceBookingHeader" level="Local" />
    <RolePrivilege name="prvAppendToBookableResourceCategory" level="Local" />
    <RolePrivilege name="prvAppendToBookableResourceCategoryAssn" level="Local" />
    <RolePrivilege name="prvAppendToBookableResourceCharacteristic" level="Local" />
    <RolePrivilege name="prvAppendToBookableResourceGroup" level="Local" />
    <RolePrivilege name="prvAppendToBookingStatus" level="Local" />
    <RolePrivilege name="prvAppendToCalendar" level="Global" />
    <RolePrivilege name="prvAppendToCampaign" level="Global" />
    <RolePrivilege name="prvAppendtoCategory" level="Global" />
    <RolePrivilege name="prvAppendToChannelPropertyGroup" level="Global" />
    <RolePrivilege name="prvAppendToCharacteristic" level="Local" />
    <RolePrivilege name="prvAppendToCompetitor" level="Global" />
    <RolePrivilege name="prvAppendToConnection" level="Global" />
    <RolePrivilege name="prvAppendToConnectionRole" level="Global" />
    <RolePrivilege name="prvAppendToContact" level="Deep" />
    <RolePrivilege name="prvAppendToContract" level="Local" />
    <RolePrivilege name="prvAppendToContractTemplate" level="Global" />
    <RolePrivilege name="prvAppendToConvertRule" level="Global" />
    <RolePrivilege name="prvAppendToCustomerOpportunityRole" level="Deep" />
    <RolePrivilege name="prvAppendToCustomerRelationship" level="Global" />
    <RolePrivilege name="prvAppendToDynamicProperty" level="Global" />
    <RolePrivilege name="prvAppendToDynamicPropertyAssociation" level="Global" />
    <RolePrivilege name="prvAppendToDynamicPropertyInstance" level="Global" />
    <RolePrivilege name="prvAppendToDynamicPropertyOptionSetItem" level="Global" />
    <RolePrivilege name="prvAppendToEmailServerProfile" level="Global" />
    <RolePrivilege name="prvAppendToEntitlement" level="Global" />
    <RolePrivilege name="prvAppendToEntitlementTemplate" level="Global" />
    <RolePrivilege name="prvAppendToEquipment" level="Global" />
    <RolePrivilege name="prvAppendToExpiredProcess" level="Global" />
    <RolePrivilege name="prvAppendToFeedback" level="Global" />
    <RolePrivilege name="prvAppendToGoal" level="Local" />
    <RolePrivilege name="prvAppendToGoalRollupQuery" level="Local" />
    <RolePrivilege name="prvAppendToImport" level="Basic" />
    <RolePrivilege name="prvAppendToImportFile" level="Basic" />
    <RolePrivilege name="prvAppendToImportMap" level="Local" />
    <RolePrivilege name="prvAppendToIncident" level="Local" />
    <RolePrivilege name="prvAppendToInvoice" level="Local" />
    <RolePrivilege name="prvAppendToKnowledgeArticle" level="Global" />
    <RolePrivilege name="prvAppendToKnowledgeArticleViews" level="Global" />
    <RolePrivilege name="prvAppendToKnowledgeBaseRecord" level="Global" />
    <RolePrivilege name="prvAppendTokofc_activitytype" level="Global" />
    <RolePrivilege name="prvAppendTokofc_customertype" level="Deep" />
    <RolePrivilege name="prvAppendTokofc_leadsubtype" level="Global" />
    <RolePrivilege name="prvAppendTokofc_leadtoopportunityforcharity" level="Global" />
    <RolePrivilege name="prvAppendTokofc_leadtoopportunityforfraternal" level="Global" />
    <RolePrivilege name="prvAppendTokofc_leadtoopportunityforinstitutionalinvestment" level="Global" />
    <RolePrivilege name="prvAppendTokofc_leadtoopportunityforinsurance" level="Global" />
    <RolePrivilege name="prvAppendTokofc_leadtoopportunityforkccf" level="Global" />
    <RolePrivilege name="prvAppendTokofc_leadtoopportunityforretailinvestment" level="Global" />
    <RolePrivilege name="prvAppendTokofc_leadtoopportunitysalesprocesscharity" level="Global" />
    <RolePrivilege name="prvAppendTokofc_leadtoopportunitysalesprocessfraternal" level="Global" />
    <RolePrivilege name="prvAppendTokofc_leadtoopportunitysalesprocessinsurance" level="Global" />
    <RolePrivilege name="prvAppendTokofc_leadtoopportunitysalesprocesskccf" level="Global" />
    <RolePrivilege name="prvAppendTokofc_opportunityproductrelation" level="Deep" />
    <RolePrivilege name="prvAppendTokofc_opportunitysalesprocessinstitutionalinvestment" level="Global" />
    <RolePrivilege name="prvAppendTokofc_opportunitysalesprocessnewmember" level="Global" />
    <RolePrivilege name="prvAppendTokofc_opportunitysalesprocessrecruiting" level="Global" />
    <RolePrivilege name="prvAppendTokofc_opportunitysalesprocessrecruitingiar" level="Global" />
    <RolePrivilege name="prvAppendTokofc_opportunitysalesprocessretailinvestment" level="Global" />
    <RolePrivilege name="prvAppendTokofc_organization" level="Global" />
    <RolePrivilege name="prvAppendTokofc_parish" level="Global" />
    <RolePrivilege name="prvAppendTokofc_productsubcategory" level="Global" />
    <RolePrivilege name="prvAppendTokofc_recruitinglead" level="Global" />
    <RolePrivilege name="prvAppendToLanguageLocale" level="Global" />
    <RolePrivilege name="prvAppendToLead" level="Deep" />
    <RolePrivilege name="prvAppendToLeadToOpportunitySalesProcess" level="Global" />
    <RolePrivilege name="prvAppendToList" level="Deep" />
    <RolePrivilege name="prvAppendTolistoperation" level="Deep" />
    <RolePrivilege name="prvAppendToMailMergeTemplate" level="Basic" />
    <RolePrivilege name="prvAppendToMetric" level="Global" />
    <RolePrivilege name="prvAppendTomsdyn_actioncardactionstat" level="Global" />
    <RolePrivilege name="prvAppendTomsdyn_actioncardregarding" level="Global" />
    <RolePrivilege name="prvAppendTomsdyn_actioncardrolesetting" level="Global" />
    <RolePrivilege name="prvAppendTomsdyn_ChannelInstance" level="Basic" />
    <RolePrivilege name="prvAppendTomsdyn_crmconnection" level="Basic" />
    <RolePrivilege name="prvAppendTomsdyn_duplicateleadmapping" level="Global" />
    <RolePrivilege name="prvAppendTomsdyn_entityrankingrule" level="Global" />
    <RolePrivilege name="prvAppendTomsdyn_favoriteknowledgearticle" level="Global" />
    <RolePrivilege name="prvAppendTomsdyn_flowcardtype" level="Global" />
    <RolePrivilege name="prvAppendTomsdyn_kbattachment" level="Global" />
    <RolePrivilege name="prvAppendTomsdyn_ocsystemmessage" level="Global" />
    <RolePrivilege name="prvAppendTomsdyn_orgchartnode" level="Global" />
    <RolePrivilege name="prvAppendTomsdyn_PostAlbum" level="Basic" />
    <RolePrivilege name="prvAppendTomsdyn_recording" level="Local" />
    <RolePrivilege name="prvAppendTomsdyn_salesinsightssettings" level="Global" />
    <RolePrivilege name="prvAppendTomsdyn_salestag" level="Local" />
    <RolePrivilege name="prvAppendTomsdyn_sequence" level="Local" />
    <RolePrivilege name="prvAppendTomsdyn_sequencetarget" level="Local" />
    <RolePrivilege name="prvAppendTomsdyn_sequencetargetstep" level="Local" />
    <RolePrivilege name="prvAppendTomsdyn_sequencetemplate" level="Deep" />
    <RolePrivilege name="prvAppendTomsdyn_taggedrecord" level="Basic" />
    <RolePrivilege name="prvAppendTomsdyn_transcript" level="Basic" />
    <RolePrivilege name="prvAppendTomsdyn_vivacustomerlist" level="Basic" />
    <RolePrivilege name="prvAppendTomsdyn_vivausersetting" level="Basic" />
    <RolePrivilege name="prvAppendTomsdyn_wallsavedqueryusersettings" level="Basic" />
    <RolePrivilege name="prvAppendTomsdyncrm_phonecallactivity" level="Deep" />
    <RolePrivilege name="prvAppendTomsdyncrm_taskactivity" level="Deep" />
    <RolePrivilege name="prvAppendTomsdynmkt_email" level="Deep" />
    <RolePrivilege name="prvAppendToNewProcess" level="Global" />
    <RolePrivilege name="prvAppendToNote" level="Deep" />
    <RolePrivilege name="prvAppendToOpportunity" level="Deep" />
    <RolePrivilege name="prvAppendToOrder" level="Local" />
    <RolePrivilege name="prvAppendToPersonalDocumentTemplate" level="Basic" />
    <RolePrivilege name="prvAppendToPhoneToCaseProcess" level="Global" />
    <RolePrivilege name="prvAppendToPost" level="Global" />
    <RolePrivilege name="prvAppendToProduct" level="Global" />
    <RolePrivilege name="prvAppendToQueue" level="Basic" />
    <RolePrivilege name="prvAppendToQuote" level="Local" />
    <RolePrivilege name="prvAppendToRatingModel" level="Local" />
    <RolePrivilege name="prvAppendToRatingValue" level="Local" />
    <RolePrivilege name="prvAppendToReport" level="Basic" />
    <RolePrivilege name="prvAppendToRoutingRule" level="Global" />
    <RolePrivilege name="prvAppendToSalesLiterature" level="Global" />
    <RolePrivilege name="prvAppendToService" level="Global" />
    <RolePrivilege name="prvAppendToSettingDefinition" level="Global" />
    <RolePrivilege name="prvAppendToSharePointData" level="Global" />
    <RolePrivilege name="prvAppendToSharePointDocument" level="Global" />
    <RolePrivilege name="prvAppendToSharePointDocumentLocation" level="Global" />
    <RolePrivilege name="prvAppendToSharePointSite" level="Global" />
    <RolePrivilege name="prvAppendToSite" level="Global" />
    <RolePrivilege name="prvAppendToSLA" level="Global" />
    <RolePrivilege name="prvAppendToSLAKPIInstance" level="Global" />
    <RolePrivilege name="prvAppendToSocialProfile" level="Global" />
    <RolePrivilege name="prvAppendToSubject" level="Global" />
    <RolePrivilege name="prvAppendToSyncError" level="Basic" />
    <RolePrivilege name="prvAppendToTraceLog" level="Global" />
    <RolePrivilege name="prvAppendToTransactionCurrency" level="Global" />
    <RolePrivilege name="prvAppendToTranslationProcess" level="Global" />
    <RolePrivilege name="prvAppendToUser" level="Deep" />
    <RolePrivilege name="prvAppendToUserSettings" level="Local" />
    <RolePrivilege name="prvAppendToWorkflow" level="Global" />
    <RolePrivilege name="prvAppendToWorkflowSession" level="Basic" />
    <RolePrivilege name="prvAppendTraceLog" level="Global" />
    <RolePrivilege name="prvAppendTransactionCurrency" level="Global" />
    <RolePrivilege name="prvAppendTranslationProcess" level="Global" />
    <RolePrivilege name="prvAppendUser" level="Deep" />
    <RolePrivilege name="prvAppendWorkflow" level="Basic" />
    <RolePrivilege name="prvAppendWorkflowSession" level="Basic" />
    <RolePrivilege name="prvAssignAccount" level="Deep" />
    <RolePrivilege name="prvAssignActivity" level="Deep" />
    <RolePrivilege name="prvAssignAsyncOperation" level="Basic" />
    <RolePrivilege name="prvAssignCallbackRegistration" level="Basic" />
    <RolePrivilege name="prvAssignCampaign" level="Basic" />
    <RolePrivilege name="prvAssignConnection" level="Basic" />
    <RolePrivilege name="prvAssignContact" level="Deep" />
    <RolePrivilege name="prvAssignContract" level="Basic" />
    <RolePrivilege name="prvAssignConvertRule" level="Basic" />
    <RolePrivilege name="prvAssignCustomerOpportunityRole" level="Deep" />
    <RolePrivilege name="prvAssignCustomerRelationship" level="Basic" />
    <RolePrivilege name="prvAssignDynamicPropertyInstance" level="Basic" />
    <RolePrivilege name="prvAssignEmailSignature" level="Local" />
    <RolePrivilege name="prvAssignEmailTemplate" level="Local" />
    <RolePrivilege name="prvAssignEntitlement" level="Basic" />
    <RolePrivilege name="prvAssignGoal" level="Local" />
    <RolePrivilege name="prvAssignGoalRollupQuery" level="Local" />
    <RolePrivilege name="prvAssignImport" level="Basic" />
    <RolePrivilege name="prvAssignImportFile" level="Basic" />
    <RolePrivilege name="prvAssignImportMap" level="Local" />
    <RolePrivilege name="prvAssignInvoice" level="Basic" />
    <RolePrivilege name="prvAssignKnowledgeArticle" level="Global" />
    <RolePrivilege name="prvAssignKnowledgeArticleViews" level="Global" />
    <RolePrivilege name="prvAssignkofc_customertype" level="Deep" />
    <RolePrivilege name="prvAssignkofc_opportunityproductrelation" level="Deep" />
    <RolePrivilege name="prvAssignLead" level="Deep" />
    <RolePrivilege name="prvAssignList" level="Basic" />
    <RolePrivilege name="prvAssignlistoperation" level="Basic" />
    <RolePrivilege name="prvAssignMailMergeTemplate" level="Basic" />
    <RolePrivilege name="prvAssignmsdyn_duplicateleadmapping" level="Global" />
    <RolePrivilege name="prvAssignmsdyn_kbattachment" level="Global" />
    <RolePrivilege name="prvAssignmsdyn_recording" level="Basic" />
    <RolePrivilege name="prvAssignmsdyn_salesocmessage" level="Basic" />
    <RolePrivilege name="prvAssignmsdyn_sequence" level="Basic" />
    <RolePrivilege name="prvAssignmsdyn_sequencetarget" level="Local" />
    <RolePrivilege name="prvAssignmsdyn_sequencetargetstep" level="Local" />
    <RolePrivilege name="prvAssignmsdyn_vivausersetting" level="Basic" />
    <RolePrivilege name="prvAssignmsdyncrm_phonecallactivity" level="Deep" />
    <RolePrivilege name="prvAssignmsdyncrm_taskactivity" level="Deep" />
    <RolePrivilege name="prvAssignmsdynmkt_email" level="Deep" />
    <RolePrivilege name="prvAssignNote" level="Deep" />
    <RolePrivilege name="prvAssignOpportunity" level="Deep" />
    <RolePrivilege name="prvAssignOrder" level="Basic" />
    <RolePrivilege name="prvAssignPersonalDocumentTemplate" level="Basic" />
    <RolePrivilege name="prvAssignQuote" level="Basic" />
    <RolePrivilege name="prvAssignReport" level="Basic" />
    <RolePrivilege name="prvAssignRoutingRule" level="Basic" />
    <RolePrivilege name="prvAssignSharePointDocument" level="Global" />
    <RolePrivilege name="prvAssignSharePointDocumentLocation" level="Global" />
    <RolePrivilege name="prvAssignSharePointSite" level="Global" />
    <RolePrivilege name="prvAssignSLA" level="Basic" />
    <RolePrivilege name="prvAssignSLAKPIInstance" level="Basic" />
    <RolePrivilege name="prvAssignSocialProfile" level="Basic" />
    <RolePrivilege name="prvAssignSyncError" level="Basic" />
    <RolePrivilege name="prvAssignUserEntityInstanceData" level="Basic" />
    <RolePrivilege name="prvAssignUserForm" level="Basic" />
    <RolePrivilege name="prvAssignUserQuery" level="Basic" />
    <RolePrivilege name="prvAssignUserQueryVisualizations" level="Basic" />
    <RolePrivilege name="prvAssignWorkflow" level="Basic" />
    <RolePrivilege name="prvAssignWorkflowSession" level="Basic" />
    <RolePrivilege name="prvConfigureInternetMarketing" level="Local" />
    <RolePrivilege name="prvCreateAccount" level="Deep" />
    <RolePrivilege name="prvCreateActionCard" level="Basic" />
    <RolePrivilege name="prvCreateActionCardUserSettings" level="Basic" />
    <RolePrivilege name="prvCreateActivity" level="Deep" />
    <RolePrivilege name="prvCreateAppUserSetting" level="Global" />
    <RolePrivilege name="prvCreateBookableResourceBookingExchangeSyncIdMapping" level="Basic" />
    <RolePrivilege name="prvCreateCallbackRegistration" level="Basic" />
    <RolePrivilege name="prvCreateCampaign" level="Basic" />
    <RolePrivilege name="prvCreateCompetitor" level="Global" />
    <RolePrivilege name="prvCreateConnection" level="Basic" />
    <RolePrivilege name="prvCreateContact" level="Deep" />
    <RolePrivilege name="prvCreateContract" level="Local" />
    <RolePrivilege name="prvCreateCustomerOpportunityRole" level="Deep" />
    <RolePrivilege name="prvCreateCustomerRelationship" level="Basic" />
    <RolePrivilege name="prvCreateDynamicPropertyInstance" level="Basic" />
    <RolePrivilege name="prvCreateEmailSignature" level="Basic" />
    <RolePrivilege name="prvCreateEmailTemplate" level="Basic" />
    <RolePrivilege name="prvCreateExchangeSyncIdMapping" level="Basic" />
    <RolePrivilege name="prvCreateExpiredProcess" level="Global" />
    <RolePrivilege name="prvCreateGoal" level="Local" />
    <RolePrivilege name="prvCreateGoalRollupQuery" level="Local" />
    <RolePrivilege name="prvCreateImport" level="Basic" />
    <RolePrivilege name="prvCreateImportFile" level="Basic" />
    <RolePrivilege name="prvCreateImportMap" level="Local" />
    <RolePrivilege name="prvCreateInvoice" level="Basic" />
    <RolePrivilege name="prvCreateKnowledgeArticleViews" level="Global" />
    <RolePrivilege name="prvCreatekofc_autonumberconfiguration" level="Global" />
    <RolePrivilege name="prvCreatekofc_customertype" level="Deep" />
    <RolePrivilege name="prvCreatekofc_leadtoopportunityforcharity" level="Global" />
    <RolePrivilege name="prvCreatekofc_leadtoopportunityforfraternal" level="Global" />
    <RolePrivilege name="prvCreatekofc_leadtoopportunityforinstitutionalinvestment" level="Global" />
    <RolePrivilege name="prvCreatekofc_leadtoopportunityforinsurance" level="Global" />
    <RolePrivilege name="prvCreatekofc_leadtoopportunityforkccf" level="Global" />
    <RolePrivilege name="prvCreatekofc_leadtoopportunityforretailinvestment" level="Global" />
    <RolePrivilege name="prvCreatekofc_leadtoopportunitysalesprocesscharity" level="Global" />
    <RolePrivilege name="prvCreatekofc_leadtoopportunitysalesprocessfraternal" level="Global" />
    <RolePrivilege name="prvCreatekofc_leadtoopportunitysalesprocessinsurance" level="Global" />
    <RolePrivilege name="prvCreatekofc_leadtoopportunitysalesprocesskccf" level="Global" />
    <RolePrivilege name="prvCreatekofc_opportunityproductrelation" level="Deep" />
    <RolePrivilege name="prvCreatekofc_opportunitysalesprocessinstitutionalinvestment" level="Global" />
    <RolePrivilege name="prvCreatekofc_opportunitysalesprocessnewmember" level="Global" />
    <RolePrivilege name="prvCreatekofc_opportunitysalesprocessrecruiting" level="Global" />
    <RolePrivilege name="prvCreatekofc_opportunitysalesprocessrecruitingiar" level="Global" />
    <RolePrivilege name="prvCreatekofc_opportunitysalesprocessretailinvestment" level="Global" />
    <RolePrivilege name="prvCreatekofc_recruitinglead" level="Global" />
    <RolePrivilege name="prvCreateLead" level="Deep" />
    <RolePrivilege name="prvCreateLeadToOpportunitySalesProcess" level="Global" />
    <RolePrivilege name="prvCreateList" level="Basic" />
    <RolePrivilege name="prvCreatelistoperation" level="Basic" />
    <RolePrivilege name="prvCreateMailboxTrackingFolder" level="Basic" />
    <RolePrivilege name="prvCreateMailMergeTemplate" level="Basic" />
    <RolePrivilege name="prvCreateMetric" level="Global" />
    <RolePrivilege name="prvCreatemsdyn_actioncardactionstat" level="Global" />
    <RolePrivilege name="prvCreatemsdyn_actioncardregarding" level="Basic" />
    <RolePrivilege name="prvCreatemsdyn_actioncardrolesetting" level="Basic" />
    <RolePrivilege name="prvCreatemsdyn_crmconnection" level="Basic" />
    <RolePrivilege name="prvCreatemsdyn_duplicateleadmapping" level="Global" />
    <RolePrivilege name="prvCreatemsdyn_entityrankingrule" level="Basic" />
    <RolePrivilege name="prvCreatemsdyn_favoriteknowledgearticle" level="Global" />
    <RolePrivilege name="prvCreatemsdyn_flowcardtype" level="Basic" />
    <RolePrivilege name="prvCreatemsdyn_ocsystemmessage" level="Global" />
    <RolePrivilege name="prvCreatemsdyn_orgchartnode" level="Global" />
    <RolePrivilege name="prvCreatemsdyn_PostAlbum" level="Basic" />
    <RolePrivilege name="prvCreatemsdyn_recording" level="Basic" />
    <RolePrivilege name="prvCreatemsdyn_salesinsightssettings" level="Basic" />
    <RolePrivilege name="prvCreatemsdyn_salesocmessage" level="Basic" />
    <RolePrivilege name="prvCreatemsdyn_salesocsmstemplate" level="Local" />
    <RolePrivilege name="prvCreatemsdyn_sequence" level="Basic" />
    <RolePrivilege name="prvCreatemsdyn_sequencetarget" level="Local" />
    <RolePrivilege name="prvCreatemsdyn_sequencetargetstep" level="Local" />
    <RolePrivilege name="prvCreatemsdyn_taggedrecord" level="Basic" />
    <RolePrivilege name="prvCreatemsdyn_transcript" level="Basic" />
    <RolePrivilege name="prvCreatemsdyn_vivacustomerlist" level="Basic" />
    <RolePrivilege name="prvCreatemsdyn_vivausersetting" level="Basic" />
    <RolePrivilege name="prvCreatemsdyn_wallsavedqueryusersettings" level="Basic" />
    <RolePrivilege name="prvCreatemsdyncrm_phonecallactivity" level="Deep" />
    <RolePrivilege name="prvCreatemsdyncrm_taskactivity" level="Deep" />
    <RolePrivilege name="prvCreatemsdynmkt_email" level="Deep" />
    <RolePrivilege name="prvCreateNewProcess" level="Global" />
    <RolePrivilege name="prvCreateNote" level="Deep" />
    <RolePrivilege name="prvCreateOpportunity" level="Deep" />
    <RolePrivilege name="prvCreateOrder" level="Basic" />
    <RolePrivilege name="prvCreateOwnCalendar" level="Global" />
    <RolePrivilege name="prvCreatePersonalDocumentTemplate" level="Basic" />
    <RolePrivilege name="prvCreatePhoneToCaseProcess" level="Global" />
    <RolePrivilege name="prvCreatePost" level="Global" />
    <RolePrivilege name="prvCreatePostFollow" level="Basic" />
    <RolePrivilege name="prvCreateQuote" level="Basic" />
    <RolePrivilege name="prvCreateReport" level="Basic" />
    <RolePrivilege name="prvCreateSharePointData" level="Global" />
    <RolePrivilege name="prvCreateSharePointDocument" level="Global" />
    <RolePrivilege name="prvCreateSharePointDocumentLocation" level="Global" />
    <RolePrivilege name="prvCreateSocialProfile" level="Basic" />
    <RolePrivilege name="prvCreateSyncError" level="Basic" />
    <RolePrivilege name="prvCreateTraceLog" level="Global" />
    <RolePrivilege name="prvCreateTranslationProcess" level="Global" />
    <RolePrivilege name="prvCreateUserApplicationMetadata" level="Basic" />
    <RolePrivilege name="prvCreateUserEntityInstanceData" level="Basic" />
    <RolePrivilege name="prvCreateUserEntityUISettings" level="Basic" />
    <RolePrivilege name="prvCreateUserForm" level="Basic" />
    <RolePrivilege name="prvCreateUserQuery" level="Basic" />
    <RolePrivilege name="prvCreateUserQueryVisualizations" level="Basic" />
    <RolePrivilege name="prvCreateUserSettings" level="Local" />
    <RolePrivilege name="prvCreateWorkflow" level="Basic" />
    <RolePrivilege name="prvCreateWorkflowSession" level="Basic" />
    <RolePrivilege name="prvDeleteActionCardUserSettings" level="Basic" />
    <RolePrivilege name="prvDeleteBookableResourceBookingExchangeSyncIdMapping" level="Basic" />
    <RolePrivilege name="prvDeleteCallbackRegistration" level="Basic" />
    <RolePrivilege name="prvDeleteCampaign" level="Basic" />
    <RolePrivilege name="prvDeleteConnection" level="Basic" />
    <RolePrivilege name="prvDeleteCustomerRelationship" level="Basic" />
    <RolePrivilege name="prvDeleteDynamicPropertyInstance" level="Basic" />
    <RolePrivilege name="prvDeleteEmailSignature" level="Basic" />
    <RolePrivilege name="prvDeleteEmailTemplate" level="Basic" />
    <RolePrivilege name="prvDeleteExchangeSyncIdMapping" level="Basic" />
    <RolePrivilege name="prvDeleteExpiredProcess" level="Global" />
    <RolePrivilege name="prvDeleteImport" level="Basic" />
    <RolePrivilege name="prvDeleteImportFile" level="Basic" />
    <RolePrivilege name="prvDeleteImportMap" level="Local" />
    <RolePrivilege name="prvDeleteInvoice" level="Basic" />
    <RolePrivilege name="prvDeleteList" level="Basic" />
    <RolePrivilege name="prvDeletelistoperation" level="Basic" />
    <RolePrivilege name="prvDeleteMailboxTrackingFolder" level="Basic" />
    <RolePrivilege name="prvDeleteMailMergeTemplate" level="Basic" />
    <RolePrivilege name="prvDeletemsdyn_crmconnection" level="Basic" />
    <RolePrivilege name="prvDeletemsdyn_duplicateleadmapping" level="Global" />
    <RolePrivilege name="prvDeletemsdyn_favoriteknowledgearticle" level="Global" />
    <RolePrivilege name="prvDeletemsdyn_orgchartnode" level="Global" />
    <RolePrivilege name="prvDeletemsdyn_PostAlbum" level="Basic" />
    <RolePrivilege name="prvDeletemsdyn_recording" level="Basic" />
    <RolePrivilege name="prvDeletemsdyn_salesocmessage" level="Basic" />
    <RolePrivilege name="prvDeletemsdyn_salesocsmstemplate" level="Local" />
    <RolePrivilege name="prvDeletemsdyn_sequence" level="Basic" />
    <RolePrivilege name="prvDeletemsdyn_sequencetarget" level="Local" />
    <RolePrivilege name="prvDeletemsdyn_sequencetargetstep" level="Local" />
    <RolePrivilege name="prvDeletemsdyn_taggedrecord" level="Basic" />
    <RolePrivilege name="prvDeletemsdyn_transcript" level="Basic" />
    <RolePrivilege name="prvDeletemsdyn_vivacustomerlist" level="Basic" />
    <RolePrivilege name="prvDeletemsdyn_vivausersetting" level="Basic" />
    <RolePrivilege name="prvDeletemsdyn_wallsavedqueryusersettings" level="Basic" />
    <RolePrivilege name="prvDeleteNewProcess" level="Global" />
    <RolePrivilege name="prvDeleteOrder" level="Basic" />
    <RolePrivilege name="prvDeleteOwnCalendar" level="Global" />
    <RolePrivilege name="prvDeletePersonalDocumentTemplate" level="Basic" />
    <RolePrivilege name="prvDeletePhoneToCaseProcess" level="Global" />
    <RolePrivilege name="prvDeletePostFollow" level="Basic" />
    <RolePrivilege name="prvDeleteQuote" level="Basic" />
    <RolePrivilege name="prvDeleteReport" level="Basic" />
    <RolePrivilege name="prvDeleteSocialProfile" level="Basic" />
    <RolePrivilege name="prvDeleteSyncError" level="Basic" />
    <RolePrivilege name="prvDeleteTranslationProcess" level="Global" />
    <RolePrivilege name="prvDeleteUserApplicationMetadata" level="Basic" />
    <RolePrivilege name="prvDeleteUserEntityInstanceData" level="Basic" />
    <RolePrivilege name="prvDeleteUserEntityUISettings" level="Basic" />
    <RolePrivilege name="prvDeleteUserForm" level="Basic" />
    <RolePrivilege name="prvDeleteUserQuery" level="Basic" />
    <RolePrivilege name="prvDeleteUserQueryVisualizations" level="Basic" />
    <RolePrivilege name="prvDeleteUserSettings" level="Local" />
    <RolePrivilege name="prvDeleteWorkflow" level="Basic" />
    <RolePrivilege name="prvDeleteWorkflowSession" level="Basic" />
    <RolePrivilege name="prvDocumentGeneration" level="Global" />
    <RolePrivilege name="prvFlow" level="Global" />
    <RolePrivilege name="prvGoOffline" level="Global" />
    <RolePrivilege name="prvMailMerge" level="Global" />
    <RolePrivilege name="prvMerge" level="Global" />
    <RolePrivilege name="prvOneDrive" level="Global" />
    <RolePrivilege name="prvReadAccount" level="Deep" />
    <RolePrivilege name="prvReadACIViewMapper" level="Global" />
    <RolePrivilege name="prvReadActionCard" level="Basic" />
    <RolePrivilege name="prvReadActionCardUserSettings" level="Basic" />
    <RolePrivilege name="prvReadActivity" level="Deep" />
    <RolePrivilege name="prvReadAppConfigMaster" level="Global" />
    <RolePrivilege name="prvReadApplicationFile" level="Global" />
    <RolePrivilege name="prvReadAppModule" level="Global" />
    <RolePrivilege name="prvReadappnotification" level="Local" />
    <RolePrivilege name="prvReadAppUserSetting" level="Global" />
    <RolePrivilege name="prvReadArticle" level="Global" />
    <RolePrivilege name="prvReadArticleTemplate" level="Global" />
    <RolePrivilege name="prvReadAsyncOperation" level="Basic" />
    <RolePrivilege name="prvReadAttribute" level="Global" />
    <RolePrivilege name="prvReadAttributeMap" level="Global" />
    <RolePrivilege name="prvReadAuthorizationServer" level="Global" />
    <RolePrivilege name="prvReadAzureServiceConnection" level="Global" />
    <RolePrivilege name="prvReadBookableResource" level="Global" />
    <RolePrivilege name="prvReadBookableResourceBooking" level="Global" />
    <RolePrivilege name="prvReadBookableResourceBookingExchangeSyncIdMapping" level="Basic" />
    <RolePrivilege name="prvReadBookableResourceBookingHeader" level="Global" />
    <RolePrivilege name="prvReadBookableResourceCategory" level="Global" />
    <RolePrivilege name="prvReadBookableResourceCategoryAssn" level="Global" />
    <RolePrivilege name="prvReadBookableResourceCharacteristic" level="Global" />
    <RolePrivilege name="prvReadBookableResourceGroup" level="Global" />
    <RolePrivilege name="prvReadBookingStatus" level="Global" />
    <RolePrivilege name="prvReadBusinessUnit" level="Global" />
    <RolePrivilege name="prvReadCallbackRegistration" level="Basic" />
    <RolePrivilege name="prvReadCampaign" level="Global" />
    <RolePrivilege name="prvReadCategory" level="Global" />
    <RolePrivilege name="prvReadChannelAccessProfile" level="Local" />
    <RolePrivilege name="prvReadChannelPropertyGroup" level="Global" />
    <RolePrivilege name="prvReadCharacteristic" level="Global" />
    <RolePrivilege name="prvReadCompetitor" level="Global" />
    <RolePrivilege name="prvReadComplexControl" level="Global" />
    <RolePrivilege name="prvReadConnection" level="Global" />
    <RolePrivilege name="prvReadConnectionRole" level="Global" />
    <RolePrivilege name="prvReadContact" level="Deep" />
    <RolePrivilege name="prvReadContract" level="Global" />
    <RolePrivilege name="prvReadContractTemplate" level="Global" />
    <RolePrivilege name="prvReadConvertRule" level="Global" />
    <RolePrivilege name="prvReadCustomerOpportunityRole" level="Deep" />
    <RolePrivilege name="prvReadCustomerRelationship" level="Global" />
    <RolePrivilege name="prvReadCustomization" level="Global" />
    <RolePrivilege name="prvReadDelveActionHub" level="Global" />
    <RolePrivilege name="prvReadDocumentTemplate" level="Global" />
    <RolePrivilege name="prvReadDuplicateRule" level="Global" />
    <RolePrivilege name="prvReadDynamicProperty" level="Global" />
    <RolePrivilege name="prvReadDynamicPropertyAssociation" level="Global" />
    <RolePrivilege name="prvReadDynamicPropertyInstance" level="Global" />
    <RolePrivilege name="prvReadDynamicPropertyOptionSetItem" level="Global" />
    <RolePrivilege name="prvReadEmailServerProfile" level="Global" />
    <RolePrivilege name="prvReadEmailSignature" level="Global" />
    <RolePrivilege name="prvReadEmailTemplate" level="Global" />
    <RolePrivilege name="prvReadEntitlement" level="Global" />
    <RolePrivilege name="prvReadEntitlementTemplate" level="Global" />
    <RolePrivilege name="prvReadEntity" level="Global" />
    <RolePrivilege name="prvReadEntityDataProvider" level="Global" />
    <RolePrivilege name="prvReadEntityKey" level="Global" />
    <RolePrivilege name="prvReadEntityMap" level="Global" />
    <RolePrivilege name="prvReadEnvironmentVariableDefinition" level="Global" />
    <RolePrivilege name="prvReadEquipment" level="Global" />
    <RolePrivilege name="prvReadExchangeSyncIdMapping" level="Basic" />
    <RolePrivilege name="prvReadExpiredProcess" level="Global" />
    <RolePrivilege name="prvReadExternalParty" level="Global" />
    <RolePrivilege name="prvReadFeedback" level="Global" />
    <RolePrivilege name="prvReadGoal" level="Local" />
    <RolePrivilege name="prvReadGoalRollupQuery" level="Local" />
    <RolePrivilege name="prvReadHierarchyRule" level="Global" />
    <RolePrivilege name="prvReadImport" level="Basic" />
    <RolePrivilege name="prvReadImportFile" level="Basic" />
    <RolePrivilege name="prvReadImportMap" level="Global" />
    <RolePrivilege name="prvReadIncident" level="Global" />
    <RolePrivilege name="prvReadInteractionForEmail" level="Global" />
    <RolePrivilege name="prvReadInvoice" level="Global" />
    <RolePrivilege name="prvReadKnowledgeArticle" level="Global" />
    <RolePrivilege name="prvReadKnowledgeArticleViews" level="Global" />
    <RolePrivilege name="prvReadKnowledgeBaseRecord" level="Global" />
    <RolePrivilege name="prvReadkofc_activitytype" level="Global" />
    <RolePrivilege name="prvReadkofc_agentprofessionallicense" level="Global" />
    <RolePrivilege name="prvReadkofc_autonumberconfiguration" level="Global" />
    <RolePrivilege name="prvReadkofc_customertype" level="Deep" />
    <RolePrivilege name="prvReadkofc_eappsitemapcontrol" level="Global" />
    <RolePrivilege name="prvReadkofc_examtestresult" level="Basic" />
    <RolePrivilege name="prvReadkofc_fhinvestment" level="Deep" />
    <RolePrivilege name="prvReadkofc_InsuranceSitemapControl" level="Global" />
    <RolePrivilege name="prvReadkofc_leadsubtype" level="Global" />
    <RolePrivilege name="prvReadkofc_leadtoopportunityforcharity" level="Global" />
    <RolePrivilege name="prvReadkofc_leadtoopportunityforfraternal" level="Global" />
    <RolePrivilege name="prvReadkofc_leadtoopportunityforinstitutionalinvestment" level="Global" />
    <RolePrivilege name="prvReadkofc_leadtoopportunityforinsurance" level="Global" />
    <RolePrivilege name="prvReadkofc_leadtoopportunityforkccf" level="Global" />
    <RolePrivilege name="prvReadkofc_leadtoopportunityforretailinvestment" level="Global" />
    <RolePrivilege name="prvReadkofc_leadtoopportunitysalesprocesscharity" level="Global" />
    <RolePrivilege name="prvReadkofc_leadtoopportunitysalesprocessfraternal" level="Global" />
    <RolePrivilege name="prvReadkofc_leadtoopportunitysalesprocessinsurance" level="Global" />
    <RolePrivilege name="prvReadkofc_leadtoopportunitysalesprocesskccf" level="Global" />
    <RolePrivilege name="prvReadkofc_membership" level="Deep" />
    <RolePrivilege name="prvReadkofc_opportunityproductrelation" level="Deep" />
    <RolePrivilege name="prvReadkofc_opportunitysalesprocessinstitutionalinvestment" level="Global" />
    <RolePrivilege name="prvReadkofc_opportunitysalesprocessnewmember" level="Global" />
    <RolePrivilege name="prvReadkofc_opportunitysalesprocessrecruiting" level="Global" />
    <RolePrivilege name="prvReadkofc_opportunitysalesprocessrecruitingiar" level="Global" />
    <RolePrivilege name="prvReadkofc_opportunitysalesprocessretailinvestment" level="Global" />
    <RolePrivilege name="prvReadkofc_organization" level="Global" />
    <RolePrivilege name="prvReadkofc_organizationroles" level="Global" />
    <RolePrivilege name="prvReadkofc_parish" level="Global" />
    <RolePrivilege name="prvReadkofc_policy" level="Deep" />
    <RolePrivilege name="prvReadkofc_policyproduct" level="Global" />
    <RolePrivilege name="prvReadkofc_productsubcategory" level="Global" />
    <RolePrivilege name="prvReadkofc_recruitinglead" level="Global" />
    <RolePrivilege name="prvReadLanguageLocale" level="Global" />
    <RolePrivilege name="prvReadLead" level="Deep" />
    <RolePrivilege name="prvReadLeadToOpportunitySalesProcess" level="Global" />
    <RolePrivilege name="prvReadLicense" level="Global" />
    <RolePrivilege name="prvReadList" level="Global" />
    <RolePrivilege name="prvReadlistoperation" level="Global" />
    <RolePrivilege name="prvReadMailbox" level="Basic" />
    <RolePrivilege name="prvReadMailboxTrackingFolder" level="Basic" />
    <RolePrivilege name="prvReadMailMergeTemplate" level="Basic" />
    <RolePrivilege name="prvReadMetric" level="Global" />
    <RolePrivilege name="prvReadMobileOfflineProfile" level="Global" />
    <RolePrivilege name="prvReadmsdyn_accountkpiitem" level="Global" />
    <RolePrivilege name="prvReadmsdyn_actioncardactionstat" level="Global" />
    <RolePrivilege name="prvReadmsdyn_actioncardregarding" level="Basic" />
    <RolePrivilege name="prvReadmsdyn_actioncardrolesetting" level="Basic" />
    <RolePrivilege name="prvReadmsdyn_activityanalysiscleanupstate" level="Global" />
    <RolePrivilege name="prvReadmsdyn_activityanalysisconfig" level="Global" />
    <RolePrivilege name="prvReadmsdyn_attributeinfluencestatistics" level="Global" />
    <RolePrivilege name="prvReadmsdyn_ChannelDefinition" level="Local" />
    <RolePrivilege name="prvReadmsdyn_ChannelInstance" level="Local" />
    <RolePrivilege name="prvReadmsdyn_ChannelInstanceAccount" level="Local" />
    <RolePrivilege name="prvReadmsdyn_ConsumingApplication" level="Local" />
    <RolePrivilege name="prvReadmsdyn_contactkpiitem" level="Global" />
    <RolePrivilege name="prvReadmsdyn_contactsuggestionrule" level="Global" />
    <RolePrivilege name="prvReadmsdyn_contactsuggestionruleset" level="Global" />
    <RolePrivilege name="prvReadmsdyn_crmconnection" level="Basic" />
    <RolePrivilege name="prvReadmsdyn_dailyaccountkpiitem" level="Global" />
    <RolePrivilege name="prvReadmsdyn_dailycontactkpiitem" level="Global" />
    <RolePrivilege name="prvReadmsdyn_dailyleadkpiitem" level="Global" />
    <RolePrivilege name="prvReadmsdyn_dailyopportunitykpiitem" level="Global" />
    <RolePrivilege name="prvReadmsdyn_duplicateleadmapping" level="Global" />
    <RolePrivilege name="prvReadmsdyn_entityrankingrule" level="Basic" />
    <RolePrivilege name="prvReadmsdyn_favoriteknowledgearticle" level="Global" />
    <RolePrivilege name="prvReadmsdyn_flowcardtype" level="Global" />
    <RolePrivilege name="prvReadmsdyn_icebreakersconfig" level="Global" />
    <RolePrivilege name="prvReadmsdyn_kbattachment" level="Global" />
    <RolePrivilege name="prvReadmsdyn_leadhygienesetting" level="Global" />
    <RolePrivilege name="prvReadmsdyn_leadkpiitem" level="Global" />
    <RolePrivilege name="prvReadmsdyn_mostcontacted" level="Global" />
    <RolePrivilege name="prvReadmsdyn_mostcontactedby" level="Global" />
    <RolePrivilege name="prvReadmsdyn_ocsystemmessage" level="Global" />
    <RolePrivilege name="prvReadmsdyn_opportunitykpiitem" level="Global" />
    <RolePrivilege name="prvReadmsdyn_orgchartnode" level="Global" />
    <RolePrivilege name="prvReadmsdyn_PostAlbum" level="Global" />
    <RolePrivilege name="prvReadmsdyn_PostConfig" level="Global" />
    <RolePrivilege name="prvReadmsdyn_PostRuleConfig" level="Global" />
    <RolePrivilege name="prvReadmsdyn_predictivemodelscore" level="Global" />
    <RolePrivilege name="prvReadmsdyn_predictivescore" level="Global" />
    <RolePrivilege name="prvReadmsdyn_recording" level="Global" />
    <RolePrivilege name="prvReadmsdyn_salesaccelerationsettings" level="Global" />
    <RolePrivilege name="prvReadmsdyn_salesinsightssettings" level="Basic" />
    <RolePrivilege name="prvReadmsdyn_salesocmessage" level="Local" />
    <RolePrivilege name="prvReadmsdyn_salesocsmstemplate" level="Local" />
    <RolePrivilege name="prvReadmsdyn_salestag" level="Local" />
    <RolePrivilege name="prvReadmsdyn_sequence" level="Local" />
    <RolePrivilege name="prvReadmsdyn_sequencestat" level="Local" />
    <RolePrivilege name="prvReadmsdyn_sequencetarget" level="Local" />
    <RolePrivilege name="prvReadmsdyn_sequencetargetstep" level="Local" />
    <RolePrivilege name="prvReadmsdyn_sequencetemplate" level="Deep" />
    <RolePrivilege name="prvReadmsdyn_sikeyvalueconfig" level="Global" />
    <RolePrivilege name="prvReadmsdyn_taggedrecord" level="Basic" />
    <RolePrivilege name="prvReadmsdyn_timespent" level="Global" />
    <RolePrivilege name="prvReadmsdyn_transcript" level="Local" />
    <RolePrivilege name="prvReadmsdyn_vivacustomerlist" level="Basic" />
    <RolePrivilege name="prvReadmsdyn_vivaentitysetting" level="Global" />
    <RolePrivilege name="prvReadmsdyn_vivaorgsetting" level="Global" />
    <RolePrivilege name="prvReadmsdyn_vivausersetting" level="Basic" />
    <RolePrivilege name="prvReadmsdyn_wallsavedquery" level="Global" />
    <RolePrivilege name="prvReadmsdyn_wallsavedqueryusersettings" level="Basic" />
    <RolePrivilege name="prvReadmsdyn_wkwcolleaguesforcompany" level="Global" />
    <RolePrivilege name="prvReadmsdyn_wkwcolleaguesforcontact" level="Global" />
    <RolePrivilege name="prvReadmsdyn_wkwconfig" level="Global" />
    <RolePrivilege name="prvReadmsdyn_workqueueusersetting" level="Basic" />
    <RolePrivilege name="prvReadmsdyncrm_phonecallactivity" level="Deep" />
    <RolePrivilege name="prvReadmsdyncrm_taskactivity" level="Deep" />
    <RolePrivilege name="prvReadmsdynmkt_email" level="Deep" />
    <RolePrivilege name="prvReadNewProcess" level="Global" />
    <RolePrivilege name="prvReadNewsArticle" level="Global" />
    <RolePrivilege name="prvReadNote" level="Deep" />
    <RolePrivilege name="prvReadOfficeGraphDocument" level="Global" />
    <RolePrivilege name="prvReadOpportunity" level="Deep" />
    <RolePrivilege name="prvReadOptionSet" level="Global" />
    <RolePrivilege name="prvReadOrder" level="Global" />
    <RolePrivilege name="prvReadOrganization" level="Global" />
    <RolePrivilege name="prvReadOwnCalendar" level="Global" />
    <RolePrivilege name="prvReadPartnerApplication" level="Global" />
    <RolePrivilege name="prvReadPersonalDocumentTemplate" level="Basic" />
    <RolePrivilege name="prvReadPhoneToCaseProcess" level="Global" />
    <RolePrivilege name="prvReadPluginAssembly" level="Global" />
    <RolePrivilege name="prvReadPluginType" level="Global" />
    <RolePrivilege name="prvReadPosition" level="Global" />
    <RolePrivilege name="prvReadPost" level="Global" />
    <RolePrivilege name="prvReadPostFollow" level="Global" />
    <RolePrivilege name="prvReadProduct" level="Global" />
    <RolePrivilege name="prvReadProfileRule" level="Local" />
    <RolePrivilege name="prvReadQuery" level="Global" />
    <RolePrivilege name="prvReadQueue" level="Basic" />
    <RolePrivilege name="prvReadQuote" level="Global" />
    <RolePrivilege name="prvReadRatingModel" level="Global" />
    <RolePrivilege name="prvReadRatingValue" level="Global" />
    <RolePrivilege name="prvReadRecommendedDocument" level="Global" />
    <RolePrivilege name="prvReadRecordAuditHistory" level="Global" />
    <RolePrivilege name="prvReadRelationship" level="Global" />
    <RolePrivilege name="prvReadRelationshipRole" level="Global" />
    <RolePrivilege name="prvReadReport" level="Basic" />
    <RolePrivilege name="prvReadRole" level="Local" />
    <RolePrivilege name="prvReadRoutingRule" level="Global" />
    <RolePrivilege name="prvReadSalesLiterature" level="Global" />
    <RolePrivilege name="prvReadSavedQueryVisualizations" level="Global" />
    <RolePrivilege name="prvReadSdkMessage" level="Global" />
    <RolePrivilege name="prvReadSdkMessageProcessingStep" level="Global" />
    <RolePrivilege name="prvReadSdkMessageProcessingStepImage" level="Global" />
    <RolePrivilege name="prvReadService" level="Global" />
    <RolePrivilege name="prvReadSettingDefinition" level="Global" />
    <RolePrivilege name="prvReadSharePointData" level="Global" />
    <RolePrivilege name="prvReadSharePointDocument" level="Global" />
    <RolePrivilege name="prvReadSharePointDocumentLocation" level="Global" />
    <RolePrivilege name="prvReadSharePointSite" level="Global" />
    <RolePrivilege name="prvReadSite" level="Global" />
    <RolePrivilege name="prvReadSLA" level="Global" />
    <RolePrivilege name="prvReadSLAKPIInstance" level="Global" />
    <RolePrivilege name="prvReadSocialProfile" level="Global" />
    <RolePrivilege name="prvReadSubject" level="Global" />
    <RolePrivilege name="prvReadSuggestionCardTemplate" level="Global" />
    <RolePrivilege name="prvReadSyncError" level="Basic" />
    <RolePrivilege name="prvReadSystemApplicationMetadata" level="Global" />
    <RolePrivilege name="prvReadSystemForm" level="Global" />
    <RolePrivilege name="prvReadTeam" level="Global" />
    <RolePrivilege name="prvReadTerritory" level="Global" />
    <RolePrivilege name="prvReadTraceLog" level="Global" />
    <RolePrivilege name="prvReadTransactionCurrency" level="Global" />
    <RolePrivilege name="prvReadTranslationProcess" level="Global" />
    <RolePrivilege name="prvReadUser" level="Global" />
    <RolePrivilege name="prvReadUserApplicationMetadata" level="Basic" />
    <RolePrivilege name="prvReadUserEntityInstanceData" level="Basic" />
    <RolePrivilege name="prvReadUserEntityUISettings" level="Basic" />
    <RolePrivilege name="prvReadUserForm" level="Basic" />
    <RolePrivilege name="prvReadUserQuery" level="Basic" />
    <RolePrivilege name="prvReadUserQueryVisualizations" level="Basic" />
    <RolePrivilege name="prvReadUserSettings" level="Global" />
    <RolePrivilege name="prvReadWebResource" level="Global" />
    <RolePrivilege name="prvReadWebWizard" level="Global" />
    <RolePrivilege name="prvReadWizardAccessPrivilege" level="Global" />
    <RolePrivilege name="prvReadWizardPage" level="Global" />
    <RolePrivilege name="prvReadWorkflow" level="Global" />
    <RolePrivilege name="prvReadWorkflowSession" level="Global" />
    <RolePrivilege name="prvSearchAvailability" level="Global" />
    <RolePrivilege name="prvShareAccount" level="Deep" />
    <RolePrivilege name="prvShareActionCardUserSettings" level="Basic" />
    <RolePrivilege name="prvShareActivity" level="Deep" />
    <RolePrivilege name="prvShareBookableResource" level="Global" />
    <RolePrivilege name="prvShareBookableResourceBooking" level="Global" />
    <RolePrivilege name="prvShareBookableResourceBookingHeader" level="Global" />
    <RolePrivilege name="prvShareBookableResourceCategory" level="Global" />
    <RolePrivilege name="prvShareBookableResourceCategoryAssn" level="Global" />
    <RolePrivilege name="prvShareBookableResourceCharacteristic" level="Global" />
    <RolePrivilege name="prvShareBookableResourceGroup" level="Global" />
    <RolePrivilege name="prvShareBookingStatus" level="Global" />
    <RolePrivilege name="prvShareCallbackRegistration" level="Basic" />
    <RolePrivilege name="prvShareCampaign" level="Deep" />
    <RolePrivilege name="prvShareCharacteristic" level="Global" />
    <RolePrivilege name="prvShareConnection" level="Global" />
    <RolePrivilege name="prvShareContact" level="Deep" />
    <RolePrivilege name="prvShareContract" level="Global" />
    <RolePrivilege name="prvShareConvertRule" level="Basic" />
    <RolePrivilege name="prvShareCustomerOpportunityRole" level="Deep" />
    <RolePrivilege name="prvShareCustomerRelationship" level="Global" />
    <RolePrivilege name="prvShareDynamicPropertyInstance" level="Global" />
    <RolePrivilege name="prvShareEmailTemplate" level="Local" />
    <RolePrivilege name="prvShareEntitlement" level="Basic" />
    <RolePrivilege name="prvShareGoal" level="Local" />
    <RolePrivilege name="prvShareGoalRollupQuery" level="Local" />
    <RolePrivilege name="prvShareImport" level="Deep" />
    <RolePrivilege name="prvShareImportFile" level="Deep" />
    <RolePrivilege name="prvShareImportMap" level="Global" />
    <RolePrivilege name="prvShareIncident" level="Global" />
    <RolePrivilege name="prvShareInvoice" level="Global" />
    <RolePrivilege name="prvShareKnowledgeArticle" level="Global" />
    <RolePrivilege name="prvShareKnowledgeArticleViews" level="Global" />
    <RolePrivilege name="prvSharekofc_customertype" level="Deep" />
    <RolePrivilege name="prvSharekofc_opportunityproductrelation" level="Deep" />
    <RolePrivilege name="prvShareLead" level="Deep" />
    <RolePrivilege name="prvShareList" level="Deep" />
    <RolePrivilege name="prvSharelistoperation" level="Deep" />
    <RolePrivilege name="prvShareMailMergeTemplate" level="Global" />
    <RolePrivilege name="prvSharemsdyn_duplicateleadmapping" level="Global" />
    <RolePrivilege name="prvSharemsdyn_kbattachment" level="Global" />
    <RolePrivilege name="prvSharemsdyn_recording" level="Global" />
    <RolePrivilege name="prvSharemsdyn_sequence" level="Basic" />
    <RolePrivilege name="prvSharemsdyn_sequencetarget" level="Local" />
    <RolePrivilege name="prvSharemsdyn_sequencetargetstep" level="Local" />
    <RolePrivilege name="prvSharemsdyn_vivausersetting" level="Basic" />
    <RolePrivilege name="prvSharemsdyncrm_phonecallactivity" level="Deep" />
    <RolePrivilege name="prvSharemsdyncrm_taskactivity" level="Deep" />
    <RolePrivilege name="prvSharemsdynmkt_email" level="Deep" />
    <RolePrivilege name="prvShareNote" level="Deep" />
    <RolePrivilege name="prvShareOpportunity" level="Deep" />
    <RolePrivilege name="prvShareOrder" level="Global" />
    <RolePrivilege name="prvSharePersonalDocumentTemplate" level="Global" />
    <RolePrivilege name="prvShareQuote" level="Global" />
    <RolePrivilege name="prvShareRatingModel" level="Global" />
    <RolePrivilege name="prvShareRatingValue" level="Global" />
    <RolePrivilege name="prvShareReport" level="Global" />
    <RolePrivilege name="prvShareRoutingRule" level="Basic" />
    <RolePrivilege name="prvShareSharePointDocumentLocation" level="Global" />
    <RolePrivilege name="prvShareSharePointSite" level="Global" />
    <RolePrivilege name="prvShareSLA" level="Basic" />
    <RolePrivilege name="prvShareSLAKPIInstance" level="Basic" />
    <RolePrivilege name="prvShareSocialProfile" level="Global" />
    <RolePrivilege name="prvShareSyncError" level="Basic" />
    <RolePrivilege name="prvShareUserEntityInstanceData" level="Basic" />
    <RolePrivilege name="prvShareUserEntityUISettings" level="Basic" />
    <RolePrivilege name="prvShareUserForm" level="Basic" />
    <RolePrivilege name="prvShareUserQuery" level="Basic" />
    <RolePrivilege name="prvShareUserQueryVisualizations" level="Basic" />
    <RolePrivilege name="prvShareWorkflow" level="Basic" />
    <RolePrivilege name="prvShareWorkflowSession" level="Basic" />
    <RolePrivilege name="prvSyncToOutlook" level="Global" />
    <RolePrivilege name="prvUseInternetMarketing" level="Global" />
    <RolePrivilege name="prvUseOfficeApps" level="Global" />
    <RolePrivilege name="prvUseTabletApp" level="Global" />
    <RolePrivilege name="prvWebMailMerge" level="Global" />
    <RolePrivilege name="prvWorkflowExecution" level="Global" />
    <RolePrivilege name="prvWriteAccount" level="Deep" />
    <RolePrivilege name="prvWriteActionCard" level="Basic" />
    <RolePrivilege name="prvWriteActionCardUserSettings" level="Basic" />
    <RolePrivilege name="prvWriteActivity" level="Basic" />
    <RolePrivilege name="prvWriteAppUserSetting" level="Global" />
    <RolePrivilege name="prvWriteArticle" level="Global" />
    <RolePrivilege name="prvWriteAsyncOperation" level="Basic" />
    <RolePrivilege name="prvWriteBookableResourceBookingExchangeSyncIdMapping" level="Basic" />
    <RolePrivilege name="prvWriteCallbackRegistration" level="Basic" />
    <RolePrivilege name="prvWriteCampaign" level="Local" />
    <RolePrivilege name="prvWriteConnection" level="Global" />
    <RolePrivilege name="prvWriteContact" level="Deep" />
    <RolePrivilege name="prvWriteContract" level="Global" />
    <RolePrivilege name="prvWriteCustomerOpportunityRole" level="Basic" />
    <RolePrivilege name="prvWriteCustomerRelationship" level="Basic" />
    <RolePrivilege name="prvWriteDynamicPropertyInstance" level="Global" />
    <RolePrivilege name="prvWriteEmailSignature" level="Basic" />
    <RolePrivilege name="prvWriteEmailTemplate" level="Basic" />
    <RolePrivilege name="prvWriteExchangeSyncIdMapping" level="Basic" />
    <RolePrivilege name="prvWriteExpiredProcess" level="Global" />
    <RolePrivilege name="prvWriteGoal" level="Local" />
    <RolePrivilege name="prvWriteGoalRollupQuery" level="Local" />
    <RolePrivilege name="prvWriteImport" level="Basic" />
    <RolePrivilege name="prvWriteImportFile" level="Basic" />
    <RolePrivilege name="prvWriteImportMap" level="Local" />
    <RolePrivilege name="prvWriteInvoice" level="Local" />
    <RolePrivilege name="prvWriteKnowledgeArticle" level="Global" />
    <RolePrivilege name="prvWriteKnowledgeArticleViews" level="Global" />
    <RolePrivilege name="prvWritekofc_autonumberconfiguration" level="Global" />
    <RolePrivilege name="prvWritekofc_customertype" level="Deep" />
    <RolePrivilege name="prvWritekofc_leadtoopportunityforfraternal" level="Global" />
    <RolePrivilege name="prvWritekofc_leadtoopportunityforinsurance" level="Global" />
    <RolePrivilege name="prvWritekofc_leadtoopportunityforretailinvestment" level="Global" />
    <RolePrivilege name="prvWritekofc_leadtoopportunitysalesprocessfraternal" level="Global" />
    <RolePrivilege name="prvWritekofc_leadtoopportunitysalesprocessinsurance" level="Global" />
    <RolePrivilege name="prvWritekofc_opportunityproductrelation" level="Basic" />
    <RolePrivilege name="prvWritekofc_opportunitysalesprocessnewmember" level="Global" />
    <RolePrivilege name="prvWritekofc_opportunitysalesprocessrecruiting" level="Global" />
    <RolePrivilege name="prvWritekofc_opportunitysalesprocessretailinvestment" level="Global" />
    <RolePrivilege name="prvWritekofc_recruitinglead" level="Global" />
    <RolePrivilege name="prvWriteLead" level="Basic" />
    <RolePrivilege name="prvWriteList" level="Deep" />
    <RolePrivilege name="prvWritelistoperation" level="Deep" />
    <RolePrivilege name="prvWriteMailbox" level="Basic" />
    <RolePrivilege name="prvWriteMailboxTrackingFolder" level="Basic" />
    <RolePrivilege name="prvWriteMailMergeTemplate" level="Basic" />
    <RolePrivilege name="prvWriteMetric" level="Global" />
    <RolePrivilege name="prvWritemsdyn_actioncardactionstat" level="Global" />
    <RolePrivilege name="prvWritemsdyn_actioncardregarding" level="Basic" />
    <RolePrivilege name="prvWritemsdyn_actioncardrolesetting" level="Basic" />
    <RolePrivilege name="prvWritemsdyn_crmconnection" level="Basic" />
    <RolePrivilege name="prvWritemsdyn_duplicateleadmapping" level="Global" />
    <RolePrivilege name="prvWritemsdyn_entityrankingrule" level="Basic" />
    <RolePrivilege name="prvWritemsdyn_favoriteknowledgearticle" level="Global" />
    <RolePrivilege name="prvWritemsdyn_flowcardtype" level="Basic" />
    <RolePrivilege name="prvWritemsdyn_kbattachment" level="Global" />
    <RolePrivilege name="prvWritemsdyn_ocsystemmessage" level="Global" />
    <RolePrivilege name="prvWritemsdyn_orgchartnode" level="Global" />
    <RolePrivilege name="prvWritemsdyn_PostAlbum" level="Basic" />
    <RolePrivilege name="prvWritemsdyn_recording" level="Local" />
    <RolePrivilege name="prvWritemsdyn_salesinsightssettings" level="Basic" />
    <RolePrivilege name="prvWritemsdyn_salesocmessage" level="Basic" />
    <RolePrivilege name="prvWritemsdyn_salesocsmstemplate" level="Local" />
    <RolePrivilege name="prvWritemsdyn_sequence" level="Basic" />
    <RolePrivilege name="prvWritemsdyn_sequencetarget" level="Local" />
    <RolePrivilege name="prvWritemsdyn_sequencetargetstep" level="Local" />
    <RolePrivilege name="prvWritemsdyn_taggedrecord" level="Basic" />
    <RolePrivilege name="prvWritemsdyn_transcript" level="Basic" />
    <RolePrivilege name="prvWritemsdyn_vivacustomerlist" level="Basic" />
    <RolePrivilege name="prvWritemsdyn_vivausersetting" level="Basic" />
    <RolePrivilege name="prvWritemsdyn_wallsavedqueryusersettings" level="Basic" />
    <RolePrivilege name="prvWritemsdyncrm_phonecallactivity" level="Basic" />
    <RolePrivilege name="prvWritemsdyncrm_taskactivity" level="Basic" />
    <RolePrivilege name="prvWritemsdynmkt_email" level="Basic" />
    <RolePrivilege name="prvWriteNewProcess" level="Global" />
    <RolePrivilege name="prvWriteNote" level="Basic" />
    <RolePrivilege name="prvWriteOpportunity" level="Basic" />
    <RolePrivilege name="prvWriteOrder" level="Local" />
    <RolePrivilege name="prvWriteOwnCalendar" level="Global" />
    <RolePrivilege name="prvWritePersonalDocumentTemplate" level="Basic" />
    <RolePrivilege name="prvWritePhoneToCaseProcess" level="Global" />
    <RolePrivilege name="prvWriteQuote" level="Local" />
    <RolePrivilege name="prvWriteReport" level="Basic" />
    <RolePrivilege name="prvWriteSharePointData" level="Global" />
    <RolePrivilege name="prvWriteSharePointDocument" level="Global" />
    <RolePrivilege name="prvWriteSharePointDocumentLocation" level="Global" />
    <RolePrivilege name="prvWriteSocialProfile" level="Global" />
    <RolePrivilege name="prvWriteSyncError" level="Basic" />
    <RolePrivilege name="prvWriteTranslationProcess" level="Global" />
    <RolePrivilege name="prvWriteUserApplicationMetadata" level="Basic" />
    <RolePrivilege name="prvWriteUserEntityInstanceData" level="Basic" />
    <RolePrivilege name="prvWriteUserEntityUISettings" level="Basic" />
    <RolePrivilege name="prvWriteUserForm" level="Basic" />
    <RolePrivilege name="prvWriteUserQuery" level="Basic" />
    <RolePrivilege name="prvWriteUserQueryVisualizations" level="Basic" />
    <RolePrivilege name="prvWriteUserSettings" level="Local" />
    <RolePrivilege name="prvWriteWorkflow" level="Basic" />
    <RolePrivilege name="prvWriteWorkflowSession" level="Basic" />
  </RolePrivileges>
</Role>