﻿<?xml version="1.0" encoding="utf-8"?>
<forms xmlns:xsi="http://www.w3.org/2001/XMLSchema-instance">
  <systemform>
    <formid>{d436b04e-085e-42f3-9623-0f31512e449b}</formid>
    <IntroducedVersion>1.0</IntroducedVersion>
    <FormPresentation>1</FormPresentation>
    <FormActivationState>1</FormActivationState>
    <form>
      <tabs>
        <tab verticallayout="true" id="{e9aa7da0-11e5-417b-bbdd-adb92f45d8bd}" IsUserDefined="1">
          <labels>
            <label description="General" languagecode="1033" />
            <label description="Général" languagecode="1036" />
          </labels>
          <columns>
            <column width="100%">
              <sections>
                <section showlabel="false" showbar="false" IsUserDefined="0" id="{16b5e22d-83e3-40c3-93cf-cf7b40dd23df}">
                  <labels>
                    <label description="General" languagecode="1033" />
                    <label description="Général" languagecode="1036" />
                  </labels>
                  <rows>
                    <row>
                      <cell id="{d6e96b11-3e3e-40da-8366-66a71ca00e7b}">
                        <labels>
                          <label description="Name" languagecode="1033" />
                        </labels>
                        <control id="kofc_name" classid="{4273EDBD-AC1D-40d3-9FB2-095C621B552D}" datafieldname="kofc_name" />
                      </cell>
                    </row>
                    <row>
                      <cell id="{a604f91d-80cb-4317-80ed-7a37784bae50}">
                        <labels>
                          <label description="Owner" languagecode="1033" />
                          <label description="Propriétaire" languagecode="1036" />
                          <label description="Propietario" languagecode="3082" />
                        </labels>
                        <control id="ownerid" classid="{270BD3DB-D9AF-4782-9025-509E298DEC0A}" datafieldname="ownerid" />
                      </cell>
                    </row>
                  </rows>
                </section>
              </sections>
            </column>
          </columns>
        </tab>
      </tabs>
    </form>
    <IsCustomizable>1</IsCustomizable>
    <CanBeDeleted>1</CanBeDeleted>
    <LocalizedNames>
      <LocalizedName description="Information" languagecode="1033" />
    </LocalizedNames>
    <Descriptions>
      <Description description="A form for this entity." languagecode="1033" />
    </Descriptions>
  </systemform>
</forms>