﻿<?xml version="1.0" encoding="utf-8"?>
<AppModule>
  <UniqueName>kofc_OneMemberSales</UniqueName>
  <IntroducedVersion>1.0.0.2</IntroducedVersion>
  <WebResourceId>7398e9e0-ace5-ed11-a7c7-000d3a343325</WebResourceId>
  <OptimizedFor></OptimizedFor>
  <statecode>0</statecode>
  <statuscode>1</statuscode>
  <FormFactor>1</FormFactor>
  <ClientType>4</ClientType>
  <NavigationType>0</NavigationType>
  <AppModuleComponents>
    <AppModuleComponent type="1" schemaName="account" />
    <AppModuleComponent type="1" schemaName="activitypointer" />
    <AppModuleComponent type="1" schemaName="appointment" />
    <AppModuleComponent type="1" schemaName="contact" />
    <AppModuleComponent type="1" schemaName="customeraddress" />
    <AppModuleComponent type="1" schemaName="email" />
    <AppModuleComponent type="1" schemaName="expiredprocess" />
    <AppModuleComponent type="1" schemaName="goal" />
    <AppModuleComponent type="1" schemaName="incident" />
    <AppModuleComponent type="1" schemaName="knowledgearticle" />
    <AppModuleComponent type="1" schemaName="kofc_agentprofessionallicense" />
    <AppModuleComponent type="1" schemaName="kofc_donation" />
    <AppModuleComponent type="1" schemaName="kofc_donorcommitment" />
    <AppModuleComponent type="1" schemaName="kofc_examtestresult" />
    <AppModuleComponent type="1" schemaName="kofc_fhinvestment" />
    <AppModuleComponent type="1" schemaName="kofc_leadsubtype" />
    <AppModuleComponent type="1" schemaName="kofc_leadtoopportunityforcharity" />
    <AppModuleComponent type="1" schemaName="kofc_leadtoopportunityforfraternal" />
    <AppModuleComponent type="1" schemaName="kofc_leadtoopportunityforinstitutionalinvestment" />
    <AppModuleComponent type="1" schemaName="kofc_leadtoopportunityforinsurance" />
    <AppModuleComponent type="1" schemaName="kofc_leadtoopportunityforkccf" />
    <AppModuleComponent type="1" schemaName="kofc_leadtoopportunityforretailinvestment" />
    <AppModuleComponent type="1" schemaName="kofc_leadtoopportunitysalesprocesscharity" />
    <AppModuleComponent type="1" schemaName="kofc_leadtoopportunitysalesprocessfraternal" />
    <AppModuleComponent type="1" schemaName="kofc_leadtoopportunitysalesprocessinsurance" />
    <AppModuleComponent type="1" schemaName="kofc_leadtoopportunitysalesprocesskccf" />
    <AppModuleComponent type="1" schemaName="kofc_membership" />
    <AppModuleComponent type="1" schemaName="kofc_opportunityproductrelation" />
    <AppModuleComponent type="1" schemaName="kofc_opportunitysalesprocessinstitutionalinvestment" />
    <AppModuleComponent type="1" schemaName="kofc_opportunitysalesprocessnewmember" />
    <AppModuleComponent type="1" schemaName="kofc_opportunitysalesprocessrecruiting" />
    <AppModuleComponent type="1" schemaName="kofc_opportunitysalesprocessretailinvestment" />
    <AppModuleComponent type="1" schemaName="kofc_organization" />
    <AppModuleComponent type="1" schemaName="kofc_parish" />
    <AppModuleComponent type="1" schemaName="kofc_policy" />
    <AppModuleComponent type="1" schemaName="kofc_policyparty" />
    <AppModuleComponent type="1" schemaName="kofc_policyproduct" />
    <AppModuleComponent type="1" schemaName="kofc_prospectemember" />
    <AppModuleComponent type="1" schemaName="kofc_recruitinglead" />
    <AppModuleComponent type="1" schemaName="lead" />
    <AppModuleComponent type="1" schemaName="leadtoopportunitysalesprocess" />
    <AppModuleComponent type="1" schemaName="msdyn_iotalert" />
    <AppModuleComponent type="1" schemaName="msdyn_iottocaseprocess" />
    <AppModuleComponent type="1" schemaName="msdyncrm_leadtoopportunity" />
    <AppModuleComponent type="1" schemaName="msevtmgt_bpf_9623d46752ae497989f62ac0d11dad99" />
    <AppModuleComponent type="1" schemaName="msevtmgt_event" />
    <AppModuleComponent type="1" schemaName="newprocess" />
    <AppModuleComponent type="1" schemaName="opportunity" />
    <AppModuleComponent type="1" schemaName="opportunityclose" />
    <AppModuleComponent type="1" schemaName="opportunitysalesprocess" />
    <AppModuleComponent type="1" schemaName="phonecall" />
    <AppModuleComponent type="1" schemaName="phonetocaseprocess" />
    <AppModuleComponent type="1" schemaName="product" />
    <AppModuleComponent type="1" schemaName="task" />
    <AppModuleComponent type="1" schemaName="translationprocess" />
    <AppModuleComponent type="26" id="{00000000-0000-0000-00aa-000000666000}" />
    <AppModuleComponent type="26" id="{00000000-0000-0000-00aa-000000666400}" />
    <AppModuleComponent type="26" id="{00000000-0000-0000-00aa-000000666700}" />
    <AppModuleComponent type="26" id="{00000000-0000-0000-00aa-000000666800}" />
    <AppModuleComponent type="26" id="{00000000-0000-0000-00aa-000010001001}" />
    <AppModuleComponent type="26" id="{00000000-0000-0000-00aa-000010001002}" />
    <AppModuleComponent type="26" id="{00000000-0000-0000-00aa-000010001003}" />
    <AppModuleComponent type="26" id="{00000000-0000-0000-00aa-000010001004}" />
    <AppModuleComponent type="26" id="{00000000-0000-0000-00aa-000010001005}" />
    <AppModuleComponent type="26" id="{00000000-0000-0000-00aa-000010001006}" />
    <AppModuleComponent type="26" id="{00000000-0000-0000-00aa-000010001007}" />
    <AppModuleComponent type="26" id="{00000000-0000-0000-00aa-000010001008}" />
    <AppModuleComponent type="26" id="{00000000-0000-0000-00aa-000010001009}" />
    <AppModuleComponent type="26" id="{00000000-0000-0000-00aa-000010001031}" />
    <AppModuleComponent type="26" id="{00000000-0000-0000-00aa-000010001033}" />
    <AppModuleComponent type="26" id="{00000000-0000-0000-00aa-000010001200}" />
    <AppModuleComponent type="26" id="{00000000-0000-0000-00aa-000010001203}" />
    <AppModuleComponent type="26" id="{00000000-0000-0000-00aa-000010001210}" />
    <AppModuleComponent type="26" id="{00000000-0000-0000-00aa-000010003000}" />
    <AppModuleComponent type="26" id="{00000000-0000-0000-00aa-000010003001}" />
    <AppModuleComponent type="26" id="{00000000-0000-0000-00aa-000010003002}" />
    <AppModuleComponent type="26" id="{00000000-0000-0000-00aa-000010003003}" />
    <AppModuleComponent type="26" id="{00000000-0000-0000-00aa-000010003004}" />
    <AppModuleComponent type="26" id="{00000000-0000-0000-00aa-000010003006}" />
    <AppModuleComponent type="26" id="{973e2d26-653a-e911-8185-000d3a070f2c}" />
    <AppModuleComponent type="26" id="{1d3a0a34-653a-e911-8185-000d3a070f2c}" />
    <AppModuleComponent type="26" id="{1c56c2e4-6d3a-e911-8185-000d3a070f2c}" />
    <AppModuleComponent type="26" id="{82d441ef-6d3a-e911-8185-000d3a070f2c}" />
    <AppModuleComponent type="26" id="{a8185304-6e3a-e911-8185-000d3a070f2c}" />
    <AppModuleComponent type="26" id="{ffc12337-6e3a-e911-8185-000d3a070f2c}" />
    <AppModuleComponent type="26" id="{def015fb-6693-ee11-be37-000d3a5617ca}" />
    <AppModuleComponent type="26" id="{1c3df53f-8924-ee11-9cbe-000d3a57805e}" />
    <AppModuleComponent type="26" id="{e8c210f8-f131-ee11-bdf3-000d3a578353}" />
    <AppModuleComponent type="26" id="{0551682b-d573-ee11-9ae7-000d3a5784a8}" />
    <AppModuleComponent type="26" id="{4922877a-7d57-ee11-be6f-000d3a578542}" />
    <AppModuleComponent type="26" id="{bb6048cb-5d8f-ee11-8179-000d3a57869b}" />
    <AppModuleComponent type="26" id="{fdf7dca4-ab8e-ee11-8179-000d3a5788a4}" />
    <AppModuleComponent type="26" id="{8c12a5dd-ac8e-ee11-8179-000d3a578997}" />
    <AppModuleComponent type="26" id="{359548fe-6d6e-ee11-8df0-000d3a578997}" />
    <AppModuleComponent type="26" id="{f0dffd63-a40b-ee11-8f6e-000d3a578997}" />
    <AppModuleComponent type="26" id="{c58d5ddf-6c0c-ee11-8f6e-000d3a578997}" />
    <AppModuleComponent type="26" id="{df0e23ad-aaf5-ee11-a1fe-000d3a578997}" />
    <AppModuleComponent type="26" id="{31dae384-a86f-df11-986c-00155d2e3002}" />
    <AppModuleComponent type="26" id="{5a926b99-3a5f-df11-ae90-00155d2e3002}" />
    <AppModuleComponent type="26" id="{9bee7ca3-b068-df11-ae90-00155d2e3002}" />
    <AppModuleComponent type="26" id="{c6f6fc1b-1b3e-e711-80e1-00155d871bb4}" />
    <AppModuleComponent type="26" id="{5cfca9b8-2d7c-e211-bb35-00155d882402}" />
    <AppModuleComponent type="26" id="{3a282da1-5d90-e011-95ae-00155d9cfa02}" />
    <AppModuleComponent type="26" id="{d603107c-5e90-e011-95ae-00155d9cfa02}" />
    <AppModuleComponent type="26" id="{b2a4f916-5f90-e011-95ae-00155d9cfa02}" />
    <AppModuleComponent type="26" id="{3a282da1-5d90-e011-95ae-00155d9cfa03}" />
    <AppModuleComponent type="26" id="{d603107c-5e90-e011-95ae-00155d9cfa03}" />
    <AppModuleComponent type="26" id="{b2a4f916-5f90-e011-95ae-00155d9cfa03}" />
    <AppModuleComponent type="26" id="{f73a5bef-a782-de11-9ff3-00155da3b012}" />
    <AppModuleComponent type="26" id="{5bd2527c-a882-de11-9ff3-00155da3b012}" />
    <AppModuleComponent type="26" id="{9c3f7ee8-eca7-e211-9fb6-00155dd0ea05}" />
    <AppModuleComponent type="26" id="{38a21ffb-4e32-4038-beb9-03172a0dd034}" />
    <AppModuleComponent type="26" id="{b69375fb-61ef-433e-a4c2-031856f9a9e5}" />
    <AppModuleComponent type="26" id="{1a03fe1b-cd13-4a74-ac60-05973fbbbff0}" />
    <AppModuleComponent type="26" id="{f7ba26ee-3f8e-4cf2-8e02-0b4bbcd16da8}" />
    <AppModuleComponent type="26" id="{ecbac1a3-f8d8-4423-8f7e-10b11119739a}" />
    <AppModuleComponent type="26" id="{49fb9771-09e1-4e70-b193-198752493577}" />
    <AppModuleComponent type="26" id="{89a8cacf-4748-4ac7-bd0a-205a033d259b}" />
    <AppModuleComponent type="26" id="{f0b3cca9-0c9d-4b1a-b2c2-29a775cc1e96}" />
    <AppModuleComponent type="26" id="{fc71d030-7a82-4b51-bde8-29b24b7abf9d}" />
    <AppModuleComponent type="26" id="{9eb361b4-67ac-4830-8abf-2d29efbaee2c}" />
    <AppModuleComponent type="26" id="{65ffaf9a-e8c5-432d-860b-32f841b00d87}" />
    <AppModuleComponent type="26" id="{4e4c931e-5373-4886-8003-38dcc005e9bd}" />
    <AppModuleComponent type="26" id="{8d1ffff8-61b4-47c2-b647-390060129d91}" />
    <AppModuleComponent type="26" id="{199a7fea-93b3-47c8-b950-4b6d60b2c955}" />
    <AppModuleComponent type="26" id="{d234426e-1f37-4944-9255-50e19b541c4c}" />
    <AppModuleComponent type="26" id="{08ccc142-bf47-4c48-95bd-581273f8c8cb}" />
    <AppModuleComponent type="26" id="{e20cdbc3-38bf-ed11-83fe-6045bd00ae9b}" />
    <AppModuleComponent type="26" id="{13b78fcc-a8f5-ee11-a1fd-6045bdd762ac}" />
    <AppModuleComponent type="26" id="{46bf8fe4-4e8f-ee11-8179-6045bddc9c37}" />
    <AppModuleComponent type="26" id="{68e4a0b2-78be-ee11-9079-6045bddc9c37}" />
    <AppModuleComponent type="26" id="{3c0edc08-0fd7-ee11-9079-6045bddc9c37}" />
    <AppModuleComponent type="26" id="{f00871be-61b0-ee11-a569-6045bddc9c37}" />
    <AppModuleComponent type="26" id="{ab582fb0-a846-453e-ad88-77f75ce91264}" />
    <AppModuleComponent type="26" id="{0fa11297-a5db-446b-89ee-7b0771d1d590}" />
    <AppModuleComponent type="26" id="{a2d479c5-53e3-4c69-addd-802327e67a0d}" />
    <AppModuleComponent type="26" id="{afe23d8a-6651-474d-b8ee-90210a8231f6}" />
    <AppModuleComponent type="26" id="{0d5d377b-5e7c-47b5-bab1-a5cb8b4ac105}" />
    <AppModuleComponent type="26" id="{927e6cd8-b3ed-4c20-a154-b8bd8a86d172}" />
    <AppModuleComponent type="26" id="{cfbcd7af-aee5-4e45-8ecc-c040d4020581}" />
    <AppModuleComponent type="26" id="{9c241a33-ca0b-4e50-ae92-db780d5b2a12}" />
    <AppModuleComponent type="29" id="{da14f650-1426-ee11-9966-000d3a578255}" />
    <AppModuleComponent type="29" id="{96f11126-95c9-ee11-9079-000d3a578353}" />
    <AppModuleComponent type="29" id="{2e04fae2-2526-ee11-9966-000d3a578353}" />
    <AppModuleComponent type="29" id="{978571c5-2526-ee11-9966-000d3a5784a8}" />
    <AppModuleComponent type="29" id="{6c4f636f-e529-ee11-bdf4-000d3a57869b}" />
    <AppModuleComponent type="29" id="{7750b0af-2526-ee11-9966-000d3a5788a4}" />
    <AppModuleComponent type="29" id="{32a593f9-95c9-ee11-9079-000d3a578997}" />
    <AppModuleComponent type="29" id="{08d25bb3-0b26-ee11-9966-000d3a578997}" />
    <AppModuleComponent type="29" id="{247f7db4-2fc4-40b9-8722-1487bc8097b6}" />
    <AppModuleComponent type="29" id="{f48943f0-2a72-4449-9415-23d7852ba584}" />
    <AppModuleComponent type="29" id="{9623d467-52ae-4979-89f6-2ac0d11dad99}" />
    <AppModuleComponent type="29" id="{ab81c1af-1a45-48d9-8133-3edc033dbeef}" />
    <AppModuleComponent type="29" id="{ac2e81e2-48d6-49ec-a087-522c7880cf61}" />
    <AppModuleComponent type="29" id="{0886e7ca-c121-4a9a-b728-52755346babb}" />
    <AppModuleComponent type="29" id="{006c4c42-2abe-4b61-9149-56df5b9625f9}" />
    <AppModuleComponent type="29" id="{108de8f3-2526-ee11-9966-6045bddc9c37}" />
    <AppModuleComponent type="29" id="{959b80b2-ac50-48be-9275-6f6f3d74bed7}" />
    <AppModuleComponent type="29" id="{3112033e-ffd4-41c5-815a-7191676df4cb}" />
    <AppModuleComponent type="29" id="{db58ef1f-250b-4681-ab0a-90cd51fbc290}" />
    <AppModuleComponent type="29" id="{919e14d1-6489-4852-abd0-a63a6ecaac5d}" />
    <AppModuleComponent type="29" id="{0ffbcde4-61c1-4355-aa89-aa1d7b2b8792}" />
    <AppModuleComponent type="29" id="{bd57803e-0408-44d6-b21d-ae7158ec6555}" />
    <AppModuleComponent type="29" id="{3e8ebee6-a2bc-4451-9c5f-b146b085413a}" />
    <AppModuleComponent type="29" id="{bcd43793-5686-4fd4-b3b4-c0c26d6f7e40}" />
    <AppModuleComponent type="60" id="{9a8ec97c-8d24-ee11-9cbe-000d3a57805e}" />
    <AppModuleComponent type="60" id="{b8797ac3-3b30-ee11-bdf3-000d3a578353}" />
    <AppModuleComponent type="60" id="{390e13cb-bb7f-ee11-8179-000d3a5784a8}" />
    <AppModuleComponent type="60" id="{1cb4e4f5-b9af-ee11-a569-000d3a5784a8}" />
    <AppModuleComponent type="60" id="{2d53bdd9-885b-ee11-be6f-000d3a5784a8}" />
    <AppModuleComponent type="60" id="{5c9bc772-d473-ee11-9ae7-000d3a578542}" />
    <AppModuleComponent type="60" id="{a4acfe45-775b-ee11-be6f-000d3a578542}" />
    <AppModuleComponent type="60" id="{ec08ec33-ad8e-ee11-8179-000d3a578997}" />
    <AppModuleComponent type="60" id="{df1a9c7f-d16c-ee11-8df0-000d3a578997}" />
    <AppModuleComponent type="60" id="{0199e9b9-b653-ee11-be6f-000d3a578997}" />
    <AppModuleComponent type="60" id="{e39a5231-dcfb-ed11-8848-000d3a578cc3}" />
    <AppModuleComponent type="60" id="{f778201e-a0af-ee11-a569-000d3a578cc3}" />
    <AppModuleComponent type="60" id="{d1f511a8-1ead-e211-bb72-00155da9a201}" />
    <AppModuleComponent type="60" id="{b24dbc11-c7e3-4dbf-957e-05340427805a}" />
    <AppModuleComponent type="60" id="{d74d5a29-6b58-4d57-8014-0b7907be43f4}" />
    <AppModuleComponent type="60" id="{88d4b612-0b4e-4135-87fc-112910e3350b}" />
    <AppModuleComponent type="60" id="{69cff312-cfb6-4289-9631-249ab85d2c62}" />
    <AppModuleComponent type="60" id="{9e558b83-4bd2-4277-8920-359587f57d9c}" />
    <AppModuleComponent type="60" id="{e3c588ee-8e11-49da-a5fe-3800f3f683de}" />
    <AppModuleComponent type="60" id="{56f944a1-3887-4fd6-9787-389d0f9aa1e6}" />
    <AppModuleComponent type="60" id="{cb14ecc9-038e-44cf-9f5e-421011e70c59}" />
    <AppModuleComponent type="60" id="{e358ce96-6792-ee11-be37-6045bddc9c37}" />
    <AppModuleComponent type="60" id="{1083c653-4938-460f-9c48-71e5430e99f2}" />
    <AppModuleComponent type="60" id="{f3c16c11-c628-4e5a-80c1-7366f814769d}" />
    <AppModuleComponent type="60" id="{fb65cc73-181c-468b-9bb3-82ecde306991}" />
    <AppModuleComponent type="60" id="{d858413e-193b-42fe-a6e1-848201b9779a}" />
    <AppModuleComponent type="60" id="{12de8547-a261-464e-8b7e-8583876b2ea9}" />
    <AppModuleComponent type="60" id="{098ae145-1567-41ec-8398-86dbaac70c9b}" />
    <AppModuleComponent type="60" id="{7a73413a-631f-4c06-930a-89ea97fa1d45}" />
    <AppModuleComponent type="60" id="{435918b3-bda5-4c73-947f-8c63259bf49f}" />
    <AppModuleComponent type="60" id="{24b5ce86-1811-44c3-b1ad-90f7ea02d2d7}" />
    <AppModuleComponent type="60" id="{450b6aa7-e6bb-470d-85f1-977bbe731b9c}" />
    <AppModuleComponent type="60" id="{e92ac9c0-70b6-47a9-bf1d-b727f4a2f552}" />
    <AppModuleComponent type="60" id="{e344087d-5245-469c-8bec-b929badb073d}" />
    <AppModuleComponent type="60" id="{32f36a1a-5a31-4e66-9038-b9c1b01dd70a}" />
    <AppModuleComponent type="60" id="{5f51bd3b-9c11-4df1-ac57-c2c2dd1bf986}" />
    <AppModuleComponent type="60" id="{86ca9222-e2b7-4e48-934c-c774ddd075fd}" />
    <AppModuleComponent type="60" id="{77f71ad7-99c3-4ed6-8352-cb919d94c963}" />
    <AppModuleComponent type="60" id="{b028db32-3619-48a5-ac51-cf3f947b0ef3}" />
    <AppModuleComponent type="60" id="{d44e63c4-08a3-4817-bfb7-d0b69f99eb68}" />
    <AppModuleComponent type="60" id="{1d4ea65c-04a0-4055-8c08-d7acc1ca888a}" />
    <AppModuleComponent type="60" id="{d890806e-3148-4b59-b335-d7bbd73a824f}" />
    <AppModuleComponent type="60" id="{edd4bdd3-f50c-4b64-9acd-e036c75bc6a4}" />
    <AppModuleComponent type="60" id="{51f5fa0c-67f5-499d-b03d-e1e16e060234}" />
    <AppModuleComponent type="60" id="{e9a9c8a9-e94d-47a9-a6c3-ec37ddb83b99}" />
    <AppModuleComponent type="60" id="{76b81f10-2a08-4f1a-9454-ee38bea94eb5}" />
    <AppModuleComponent type="60" id="{4785a2b1-2a95-4f7e-b594-f1334aade1a9}" />
    <AppModuleComponent type="60" id="{c9e7ec2d-efca-4e4c-b3e3-f63c4bba5e4b}" />
    <AppModuleComponent type="60" id="{58b7e13f-017e-422f-a7f8-fbc388d8ad87}" />
    <AppModuleComponent type="62" schemaName="kofc_OneMemberSales" />
  </AppModuleComponents>
  <AppModuleRoleMaps>
    <Role id="{edb497dc-76fd-ee11-a1fe-00224820f8d5}" />
    <Role id="{edce72aa-7037-ee11-bdf4-000d3a578997}" />
    <Role id="{7490ed3b-0b40-ee11-bdf3-6045bddc9c37}" />
    <Role id="{e0f4275a-e53f-ee11-bdf3-6045bddc9c37}" />
    <Role id="{e739f82a-9519-e911-817c-000d3a0718d1}" />
    <Role id="{a1326f24-a241-ee11-bdf3-6045bddc9c37}" />
    <Role id="{64d5adb5-2d46-ee11-be6d-000d3a578542}" />
    <Role id="{6a7ecb2a-4014-ef11-9f8a-00224820f8d5}" />
    <Role id="{38f5c2d7-6237-ee11-bdf4-000d3a578cc3}" />
    <Role id="{5a224ad7-6330-ee11-bdf3-000d3a578542}" />
    <Role id="{b66c2076-d83d-ee11-bdf4-000d3a578cc3}" />
    <Role id="{1aa25218-d83d-ee11-bdf4-000d3a578cc3}" />
    <Role id="{5b6f5265-d83d-ee11-bdf4-000d3a578cc3}" />
    <Role id="{17a2029d-c83f-ee11-bdf3-000d3a578997}" />
    <Role id="{1dcfc445-3f3f-ee11-bdf3-000d3a578cc3}" />
    <Role id="{76e89615-d118-ef11-9f89-0022481c1b34}" />
    <Role id="{ee03bae6-2d46-ee11-be6d-000d3a578542}" />
    <Role id="{627090ff-40a3-4053-8790-584edc5be201}" />
    <Role id="{119f245c-3cc8-4b62-b31c-d1a046ced15d}" />
  </AppModuleRoleMaps>
  <LocalizedNames>
    <LocalizedName description="One Member-Sales" languagecode="1033" />
    <LocalizedName description="One Member-ventes" languagecode="1036" />
    <LocalizedName description="Un miembro-ventas" languagecode="3082" />
  </LocalizedNames>
  <Descriptions>
    <Description description="This app contains content related to sales module." languagecode="1033" />
    <Description description="Cette application contient du contenu lié au module de vente." languagecode="1036" />
    <Description description="Esta aplicación contiene contenido relacionado con el módulo de ventas." languagecode="3082" />
  </Descriptions>
  <appelements>
    <appelement uniquename="kofc_kofc_OneMemberSales_canvasappid_kofc_onemembersalesdefaultcommandlibrary_0f1d7">
      <canvasappid>
        <name>kofc_onemembersalesdefaultcommandlibrary_0f1d7</name>
      </canvasappid>
      <iscustomizable>1</iscustomizable>
      <name>kofc_kofc_OneMemberSales_canvasappid_kofc_onemembersalesdefaultcommandlibrary_0f1d7</name>
    </appelement>
    <appelement uniquename="kofc_kofc_OneMemberSales_canvasappid_kofc_opportunitycloneopportunitycustompage_596a0">
      <canvasappid>
        <name>kofc_opportunitycloneopportunitycustompage_596a0</name>
      </canvasappid>
      <iscustomizable>1</iscustomizable>
      <name>kofc_kofc_OneMemberSales_canvasappid_kofc_opportunitycloneopportunitycustompage_596a0</name>
    </appelement>
    <appelement uniquename="kofc_kofc_OneMemberSales_canvasappid_kofc_pledgeremovedonationscustompage_b8ab7">
      <canvasappid>
        <name>kofc_pledgeremovedonationscustompage_b8ab7</name>
      </canvasappid>
      <iscustomizable>1</iscustomizable>
      <name>kofc_kofc_OneMemberSales_canvasappid_kofc_pledgeremovedonationscustompage_b8ab7</name>
    </appelement>
    <appelement uniquename="new_kofc_OneMemberSales_canvasappid_kofc_contactdecryptedssn_a2946">
      <canvasappid>
        <name>kofc_contactdecryptedssn_a2946</name>
      </canvasappid>
      <iscustomizable>1</iscustomizable>
      <name>new_kofc_OneMemberSales_canvasappid_kofc_contactdecryptedssn_a2946</name>
    </appelement>
  </appelements>
  <appsettings>
    <appsetting settingdefinitionid.uniquename="AllowNotificationsEarlyAccess">
      <iscustomizable>1</iscustomizable>
      <value>true</value>
    </appsetting>
    <appsetting settingdefinitionid.uniquename="msdyn_enablertecopilot">
      <iscustomizable>1</iscustomizable>
      <value>false</value>
    </appsetting>
    <appsetting settingdefinitionid.uniquename="msdyn_rtecopilotdefaultonruncompleted">
      <iscustomizable>1</iscustomizable>
      <value>true</value>
    </appsetting>
  </appsettings>
</AppModule>