<environmentvariabledefinition schemaname="kofc_EappURL">
  <defaultvalue>https://stage.kofc.org/agentportal/smartoffice/flQAT.do</defaultvalue>
  <description default="Agent portal Eapp API URL">
    <label description="Agent portal Eapp API URL" languagecode="1033" />
  </description>
  <displayname default="Eapp URL">
    <label description="Eapp URL" languagecode="1033" />
  </displayname>
  <introducedversion>1.0.0.0</introducedversion>
  <iscustomizable>1</iscustomizable>
  <isrequired>0</isrequired>
  <secretstore>0</secretstore>
  <type>100000000</type>
</environmentvariabledefinition>