<ImportExportXml version="9.2.24063.184" SolutionPackageVersion="9.2" languagecode="1033" generatedBy="CrmLive" xmlns:xsi="http://www.w3.org/2001/XMLSchema-instance">
  <SolutionManifest>
    <UniqueName>OneMemberSaleseAppIntegation31</UniqueName>
    <LocalizedNames>
      <LocalizedName description="OneMemberSales eApp Integation 3.1" languagecode="1033" />
    </LocalizedNames>
    <Descriptions />
    <Version>1.0.0.2</Version>
    <Managed>1</Managed>
    <Publisher>
      <UniqueName>kofc</UniqueName>
      <LocalizedNames>
        <LocalizedName description="KofC" languagecode="1033" />
        <LocalizedName description="CdeC" languagecode="1036" />
        <LocalizedName description="CdeC" languagecode="3082" />
      </LocalizedNames>
      <Descriptions />
      <EMailAddress xsi:nil="true"></EMailAddress>
      <SupportingWebsiteUrl xsi:nil="true"></SupportingWebsiteUrl>
      <CustomizationPrefix>kofc</CustomizationPrefix>
      <CustomizationOptionValuePrefix>25851</CustomizationOptionValuePrefix>
      <Addresses>
        <Address>
          <AddressNumber>1</AddressNumber>
          <AddressTypeCode>1</AddressTypeCode>
          <City xsi:nil="true"></City>
          <County xsi:nil="true"></County>
          <Country xsi:nil="true"></Country>
          <Fax xsi:nil="true"></Fax>
          <FreightTermsCode xsi:nil="true"></FreightTermsCode>
          <ImportSequenceNumber xsi:nil="true"></ImportSequenceNumber>
          <Latitude xsi:nil="true"></Latitude>
          <Line1 xsi:nil="true"></Line1>
          <Line2 xsi:nil="true"></Line2>
          <Line3 xsi:nil="true"></Line3>
          <Longitude xsi:nil="true"></Longitude>
          <Name xsi:nil="true"></Name>
          <PostalCode xsi:nil="true"></PostalCode>
          <PostOfficeBox xsi:nil="true"></PostOfficeBox>
          <PrimaryContactName xsi:nil="true"></PrimaryContactName>
          <ShippingMethodCode>1</ShippingMethodCode>
          <StateOrProvince xsi:nil="true"></StateOrProvince>
          <Telephone1 xsi:nil="true"></Telephone1>
          <Telephone2 xsi:nil="true"></Telephone2>
          <Telephone3 xsi:nil="true"></Telephone3>
          <TimeZoneRuleVersionNumber xsi:nil="true"></TimeZoneRuleVersionNumber>
          <UPSZone xsi:nil="true"></UPSZone>
          <UTCOffset xsi:nil="true"></UTCOffset>
          <UTCConversionTimeZoneCode xsi:nil="true"></UTCConversionTimeZoneCode>
        </Address>
        <Address>
          <AddressNumber>2</AddressNumber>
          <AddressTypeCode>1</AddressTypeCode>
          <City xsi:nil="true"></City>
          <County xsi:nil="true"></County>
          <Country xsi:nil="true"></Country>
          <Fax xsi:nil="true"></Fax>
          <FreightTermsCode xsi:nil="true"></FreightTermsCode>
          <ImportSequenceNumber xsi:nil="true"></ImportSequenceNumber>
          <Latitude xsi:nil="true"></Latitude>
          <Line1 xsi:nil="true"></Line1>
          <Line2 xsi:nil="true"></Line2>
          <Line3 xsi:nil="true"></Line3>
          <Longitude xsi:nil="true"></Longitude>
          <Name xsi:nil="true"></Name>
          <PostalCode xsi:nil="true"></PostalCode>
          <PostOfficeBox xsi:nil="true"></PostOfficeBox>
          <PrimaryContactName xsi:nil="true"></PrimaryContactName>
          <ShippingMethodCode>1</ShippingMethodCode>
          <StateOrProvince xsi:nil="true"></StateOrProvince>
          <Telephone1 xsi:nil="true"></Telephone1>
          <Telephone2 xsi:nil="true"></Telephone2>
          <Telephone3 xsi:nil="true"></Telephone3>
          <TimeZoneRuleVersionNumber xsi:nil="true"></TimeZoneRuleVersionNumber>
          <UPSZone xsi:nil="true"></UPSZone>
          <UTCOffset xsi:nil="true"></UTCOffset>
          <UTCConversionTimeZoneCode xsi:nil="true"></UTCConversionTimeZoneCode>
        </Address>
      </Addresses>
    </Publisher>
    <RootComponents>
      <RootComponent type="1" schemaName="kofc_eappsitemapcontrol" behavior="0" />
      <RootComponent type="1" schemaName="opportunity" behavior="2" />
      <RootComponent type="1" schemaName="systemuser" behavior="2" />
      <RootComponent type="20" id="{1b1bbee2-fc45-ef11-8409-0022481d1ae7}" behavior="0" />
      <RootComponent type="20" id="{38f5c2d7-6237-ee11-bdf4-000d3a578cc3}" behavior="0" />
      <RootComponent type="61" schemaName="kofc_Eapp" behavior="0" />
      <RootComponent type="61" schemaName="kofc_EappLeftSite" behavior="0" />
      <RootComponent type="61" schemaName="kofc_Opportunity" behavior="0" />
      <RootComponent type="62" schemaName="kofc_OneMemberSales" behavior="0" />
      <RootComponent type="80" schemaName="kofc_OneMemberSales" behavior="0" />
    </RootComponents>
    <MissingDependencies>
      <MissingDependency>
        <Required type="1" schemaName="bookableresource" displayName="Bookable Resource" solution="msdynce_Scheduling (9.0.0.0)" />
        <Dependent type="60" displayName="User" parentDisplayName="User" id="{c2cd9e55-d4b4-4b55-9951-16ead79643e5}" />
      </MissingDependency>
      <MissingDependency>
        <Required type="1" schemaName="incident" displayName="Case" solution="msdynce_Service (9.0.5.56)">
          <package>msdynce_ServiceAnchor (9.0.24064.1010)</package>
        </Required>
        <Dependent type="80" schemaName="kofc_OneMemberSales" displayName="One Member-Sales" />
      </MissingDependency>
      <MissingDependency>
        <Required type="1" schemaName="kofc_agentprofessionallicense" displayName="Agent Professional License" solution="Active" />
        <Dependent type="60" displayName="User" parentDisplayName="User" id="{c2cd9e55-d4b4-4b55-9951-16ead79643e5}" />
      </MissingDependency>
      <MissingDependency>
        <Required type="1" schemaName="kofc_agentprofessionallicense" displayName="Agent Professional License" solution="Active" />
        <Dependent type="80" schemaName="kofc_OneMemberSales" displayName="One Member-Sales" />
      </MissingDependency>
      <MissingDependency>
        <Required type="1" schemaName="kofc_charitysitemapcontrol" displayName="Charity - Sitemap Control" solution="Active" />
        <Dependent type="62" schemaName="kofc_OneMemberSales" />
      </MissingDependency>
      <MissingDependency>
        <Required type="1" schemaName="kofc_contribution" displayName="Contribution" solution="Active" />
        <Dependent type="62" schemaName="kofc_OneMemberSales" />
      </MissingDependency>
      <MissingDependency>
        <Required type="1" schemaName="kofc_donation" displayName="Donation" solution="Active" />
        <Dependent type="62" schemaName="kofc_OneMemberSales" />
      </MissingDependency>
      <MissingDependency>
        <Required type="1" schemaName="kofc_donation" displayName="Donation" solution="Active" />
        <Dependent type="80" schemaName="kofc_OneMemberSales" displayName="One Member-Sales" />
      </MissingDependency>
      <MissingDependency>
        <Required type="1" schemaName="kofc_donorcommitment" displayName="Pledge" solution="Active" />
        <Dependent type="62" schemaName="kofc_OneMemberSales" />
      </MissingDependency>
      <MissingDependency>
        <Required type="1" schemaName="kofc_donorcommitment" displayName="Pledge" solution="Active" />
        <Dependent type="80" schemaName="kofc_OneMemberSales" displayName="One Member-Sales" />
      </MissingDependency>
      <MissingDependency>
        <Required type="1" schemaName="kofc_examtestresult" displayName="Exam Test Result" solution="Active" />
        <Dependent type="80" schemaName="kofc_OneMemberSales" displayName="One Member-Sales" />
      </MissingDependency>
      <MissingDependency>
        <Required type="1" schemaName="kofc_fhinvestment" displayName="FH Investment" solution="Active" />
        <Dependent type="62" schemaName="kofc_OneMemberSales" />
      </MissingDependency>
      <MissingDependency>
        <Required type="1" schemaName="kofc_fhinvestment" displayName="FH Investment" solution="Active" />
        <Dependent type="80" schemaName="kofc_OneMemberSales" displayName="One Member-Sales" />
      </MissingDependency>
      <MissingDependency>
        <Required type="1" schemaName="kofc_fraternalsitemapcontrol" displayName="Fraternal - Sitemap Control" solution="Active" />
        <Dependent type="62" schemaName="kofc_OneMemberSales" />
      </MissingDependency>
      <MissingDependency>
        <Required type="1" schemaName="kofc_grant" displayName="Grant" solution="Active" />
        <Dependent type="62" schemaName="kofc_OneMemberSales" />
      </MissingDependency>
      <MissingDependency>
        <Required type="1" schemaName="kofc_insurancesitemapcontrol" displayName="Insurance - Sitemap Control" solution="Active" />
        <Dependent type="62" schemaName="kofc_OneMemberSales" />
      </MissingDependency>
      <MissingDependency>
        <Required type="1" schemaName="kofc_investmentssitemapcontrol" displayName="Investments - Sitemap Control" solution="Active" />
        <Dependent type="62" schemaName="kofc_OneMemberSales" />
      </MissingDependency>
      <MissingDependency>
        <Required type="1" schemaName="kofc_kccfsitemapcontrol" displayName="KCCF - Sitemap Control" solution="Active" />
        <Dependent type="62" schemaName="kofc_OneMemberSales" />
      </MissingDependency>
      <MissingDependency>
        <Required type="1" schemaName="kofc_leadsubtype" displayName="Lead SubType" solution="Active" />
        <Dependent type="80" schemaName="kofc_OneMemberSales" displayName="One Member-Sales" />
      </MissingDependency>
      <MissingDependency>
        <Required type="1" schemaName="kofc_leadtoopportunityforcharity" displayName="Lead to Opportunity for Charity" solution="Active" />
        <Dependent type="80" schemaName="kofc_OneMemberSales" displayName="One Member-Sales" />
      </MissingDependency>
      <MissingDependency>
        <Required type="1" schemaName="kofc_leadtoopportunityforfraternal" displayName="Lead to Opportunity for Fraternal" solution="Active" />
        <Dependent type="80" schemaName="kofc_OneMemberSales" displayName="One Member-Sales" />
      </MissingDependency>
      <MissingDependency>
        <Required type="1" schemaName="kofc_leadtoopportunityforinstitutionalinvestment" displayName="Lead to Opportunity for Institutional Investment" solution="Active" />
        <Dependent type="80" schemaName="kofc_OneMemberSales" displayName="One Member-Sales" />
      </MissingDependency>
      <MissingDependency>
        <Required type="1" schemaName="kofc_leadtoopportunityforinsurance" displayName="Lead to Opportunity for Insurance" solution="Active" />
        <Dependent type="80" schemaName="kofc_OneMemberSales" displayName="One Member-Sales" />
      </MissingDependency>
      <MissingDependency>
        <Required type="1" schemaName="kofc_leadtoopportunityforkccf" displayName="Lead to Opportunity for KCCF" solution="Active" />
        <Dependent type="80" schemaName="kofc_OneMemberSales" displayName="One Member-Sales" />
      </MissingDependency>
      <MissingDependency>
        <Required type="1" schemaName="kofc_leadtoopportunityforretailinvestment" displayName="Lead to Opportunity for Retail Investment" solution="Active" />
        <Dependent type="80" schemaName="kofc_OneMemberSales" displayName="One Member-Sales" />
      </MissingDependency>
      <MissingDependency>
        <Required type="1" schemaName="kofc_leadtoopportunitysalesprocesscharity" displayName="Opportunity Sales Process Charity" solution="Active" />
        <Dependent type="80" schemaName="kofc_OneMemberSales" displayName="One Member-Sales" />
      </MissingDependency>
      <MissingDependency>
        <Required type="1" schemaName="kofc_leadtoopportunitysalesprocessfraternal" displayName="Opportunity Sales Process Fraternal" solution="Active" />
        <Dependent type="80" schemaName="kofc_OneMemberSales" displayName="One Member-Sales" />
      </MissingDependency>
      <MissingDependency>
        <Required type="1" schemaName="kofc_leadtoopportunitysalesprocessinsurance" displayName="Opportunity Sales Process Insurance" solution="Active" />
        <Dependent type="80" schemaName="kofc_OneMemberSales" displayName="One Member-Sales" />
      </MissingDependency>
      <MissingDependency>
        <Required type="1" schemaName="kofc_leadtoopportunitysalesprocesskccf" displayName="Opportunity Sales Process KCCF" solution="Active" />
        <Dependent type="80" schemaName="kofc_OneMemberSales" displayName="One Member-Sales" />
      </MissingDependency>
      <MissingDependency>
        <Required type="1" schemaName="kofc_membership" displayName="Membership" solution="Active" />
        <Dependent type="62" schemaName="kofc_OneMemberSales" />
      </MissingDependency>
      <MissingDependency>
        <Required type="1" schemaName="kofc_membership" displayName="Membership" solution="Active" />
        <Dependent type="80" schemaName="kofc_OneMemberSales" displayName="One Member-Sales" />
      </MissingDependency>
      <MissingDependency>
        <Required type="1" schemaName="kofc_opportunityproductrelation" displayName="Opportunity-Product Relation" solution="Active" />
        <Dependent type="80" schemaName="kofc_OneMemberSales" displayName="One Member-Sales" />
      </MissingDependency>
      <MissingDependency>
        <Required type="1" schemaName="kofc_opportunitysalesprocessinstitutionalinvestment" displayName="Opportunity Sales Process Institutional Investment" solution="Active" />
        <Dependent type="80" schemaName="kofc_OneMemberSales" displayName="One Member-Sales" />
      </MissingDependency>
      <MissingDependency>
        <Required type="1" schemaName="kofc_opportunitysalesprocessnewmember" displayName="Opportunity Sales Process New Member" solution="Active" />
        <Dependent type="80" schemaName="kofc_OneMemberSales" displayName="One Member-Sales" />
      </MissingDependency>
      <MissingDependency>
        <Required type="1" schemaName="kofc_opportunitysalesprocessrecruiting" displayName="Opportunity Sales Process Recruiting" solution="Active" />
        <Dependent type="80" schemaName="kofc_OneMemberSales" displayName="One Member-Sales" />
      </MissingDependency>
      <MissingDependency>
        <Required type="1" schemaName="kofc_opportunitysalesprocessretailinvestment" displayName="Opportunity Sales Process Retail Investment" solution="Active" />
        <Dependent type="80" schemaName="kofc_OneMemberSales" displayName="One Member-Sales" />
      </MissingDependency>
      <MissingDependency>
        <Required type="1" schemaName="kofc_organization" displayName="Knights Organization" solution="Active" />
        <Dependent type="62" schemaName="kofc_OneMemberSales" />
      </MissingDependency>
      <MissingDependency>
        <Required type="1" schemaName="kofc_organization" displayName="Knights Organization" solution="Active" />
        <Dependent type="80" schemaName="kofc_OneMemberSales" displayName="One Member-Sales" />
      </MissingDependency>
      <MissingDependency>
        <Required type="1" schemaName="kofc_parish" displayName="Parish" solution="Active" />
        <Dependent type="62" schemaName="kofc_OneMemberSales" />
      </MissingDependency>
      <MissingDependency>
        <Required type="1" schemaName="kofc_parish" displayName="Parish" solution="Active" />
        <Dependent type="80" schemaName="kofc_OneMemberSales" displayName="One Member-Sales" />
      </MissingDependency>
      <MissingDependency>
        <Required type="1" schemaName="kofc_policy" displayName="Policy" solution="Active" />
        <Dependent type="62" schemaName="kofc_OneMemberSales" />
      </MissingDependency>
      <MissingDependency>
        <Required type="1" schemaName="kofc_policy" displayName="Policy" solution="Active" />
        <Dependent type="80" schemaName="kofc_OneMemberSales" displayName="One Member-Sales" />
      </MissingDependency>
      <MissingDependency>
        <Required type="1" schemaName="kofc_policyparty" displayName="Policy Party" solution="Active" />
        <Dependent type="60" displayName="User" parentDisplayName="User" id="{c2cd9e55-d4b4-4b55-9951-16ead79643e5}" />
      </MissingDependency>
      <MissingDependency>
        <Required type="1" schemaName="kofc_policyparty" displayName="Policy Party" solution="Active" />
        <Dependent type="80" schemaName="kofc_OneMemberSales" displayName="One Member-Sales" />
      </MissingDependency>
      <MissingDependency>
        <Required type="1" schemaName="kofc_policyproduct" displayName="Policy Product" solution="Active" />
        <Dependent type="80" schemaName="kofc_OneMemberSales" displayName="One Member-Sales" />
      </MissingDependency>
      <MissingDependency>
        <Required type="1" schemaName="kofc_prospectemember" displayName="Prospect eMember" solution="Active" />
        <Dependent type="80" schemaName="kofc_OneMemberSales" displayName="One Member-Sales" />
      </MissingDependency>
      <MissingDependency>
        <Required type="1" schemaName="kofc_recruitinglead" displayName="Recruiting Lead" solution="Active" />
        <Dependent type="80" schemaName="kofc_OneMemberSales" displayName="One Member-Sales" />
      </MissingDependency>
      <MissingDependency>
        <Required type="1" schemaName="lead" displayName="Lead" solution="msdynce_LeadManagement (9.0.4.0066)">
          <package>msdynce_LeadManagementAnchor (9.0.24064.10001)</package>
        </Required>
        <Dependent type="62" schemaName="kofc_OneMemberSales" />
      </MissingDependency>
      <MissingDependency>
        <Required type="1" schemaName="lead" displayName="Lead" solution="msdynce_LeadManagement (9.0.4.0066)">
          <package>msdynce_LeadManagementAnchor (9.0.24064.10001)</package>
        </Required>
        <Dependent type="80" schemaName="kofc_OneMemberSales" displayName="One Member-Sales" />
      </MissingDependency>
      <MissingDependency>
        <Required type="1" schemaName="leadtoopportunitysalesprocess" displayName="Lead To Opportunity Sales Process" solution="msdynce_Sales (9.0.4.0076)">
          <package>msdynce_SalesAnchor (9.0.24064.10007)</package>
        </Required>
        <Dependent type="80" schemaName="kofc_OneMemberSales" displayName="One Member-Sales" />
      </MissingDependency>
      <MissingDependency>
        <Required type="1" schemaName="msdyn_capacityprofile" displayName="Capacity Profile" solution="UnifiedRouting (1.0.0.5082)">
          <package>UnifiedRoutingPrimeAnchor (1.5.26.130)</package>
        </Required>
        <Dependent type="60" displayName="User" parentDisplayName="User" id="{c2cd9e55-d4b4-4b55-9951-16ead79643e5}" />
      </MissingDependency>
      <MissingDependency>
        <Required type="1" schemaName="msdyn_iotalert" displayName="IoT Alert" solution="IoTConnector (1.8.48.0)">
          <package>msdynce_ServiceAnchor (9.0.24064.1010)</package>
        </Required>
        <Dependent type="80" schemaName="kofc_OneMemberSales" displayName="One Member-Sales" />
      </MissingDependency>
      <MissingDependency>
        <Required type="1" schemaName="msdyn_iottocaseprocess" displayName="IoT Alert to Case Process" solution="msdyn_ConnectedCustomerService (9.0.23122.1017)">
          <package>msdynce_ServiceAnchor (9.0.24064.1010)</package>
        </Required>
        <Dependent type="80" schemaName="kofc_OneMemberSales" displayName="One Member-Sales" />
      </MissingDependency>
      <MissingDependency>
        <Required type="1" schemaName="msdyncrm_leadtoopportunity" displayName="Lead to opportunity" solution="MicrosoftDynamics_MktLeadManagement (1.105.2008.0)">
          <package>MicrosoftDynamics_MktCompleteAnchorSolution (1.105.2008.0)</package>
        </Required>
        <Dependent type="80" schemaName="kofc_OneMemberSales" displayName="One Member-Sales" />
      </MissingDependency>
      <MissingDependency>
        <Required type="1" schemaName="msevtmgt_bpf_9623d46752ae497989f62ac0d11dad99" displayName="EventMainBusinessProcessFlow" solution="MicrosoftDynamics_EventManagement (1.51.43829.0)">
          <package>MicrosoftDynamics_MktCompleteAnchorSolution (1.105.2008.0)</package>
        </Required>
        <Dependent type="80" schemaName="kofc_OneMemberSales" displayName="One Member-Sales" />
      </MissingDependency>
      <MissingDependency>
        <Required type="1" schemaName="msevtmgt_event" displayName="Event" solution="MicrosoftDynamics_EventManagement (1.51.43829.0)">
          <package>MicrosoftDynamics_MktCompleteAnchorSolution (1.105.2008.0)</package>
        </Required>
        <Dependent type="80" schemaName="kofc_OneMemberSales" displayName="One Member-Sales" />
      </MissingDependency>
      <MissingDependency>
        <Required type="1" schemaName="opportunity" displayName="Opportunity" solution="msdynce_Sales (9.0.4.0076)">
          <package>msdynce_SalesAnchor (9.0.24064.10007)</package>
        </Required>
        <Dependent type="1" schemaName="opportunity" displayName="Opportunity" />
      </MissingDependency>
      <MissingDependency>
        <Required type="1" schemaName="opportunityclose" displayName="Opportunity Close" solution="msdynce_Sales (9.0.4.0076)">
          <package>msdynce_SalesAnchor (9.0.24064.10007)</package>
        </Required>
        <Dependent type="80" schemaName="kofc_OneMemberSales" displayName="One Member-Sales" />
      </MissingDependency>
      <MissingDependency>
        <Required type="1" schemaName="opportunitysalesprocess" displayName="Opportunity Sales Process" solution="msdynce_Sales (9.0.4.0076)">
          <package>msdynce_SalesAnchor (9.0.24064.10007)</package>
        </Required>
        <Dependent type="80" schemaName="kofc_OneMemberSales" displayName="One Member-Sales" />
      </MissingDependency>
      <MissingDependency>
        <Required type="1" schemaName="phonetocaseprocess" displayName="Phone To Case Process" solution="msdynce_Service (9.0.5.56)">
          <package>msdynce_ServiceAnchor (9.0.24064.1010)</package>
        </Required>
        <Dependent type="80" schemaName="kofc_OneMemberSales" displayName="One Member-Sales" />
      </MissingDependency>
      <MissingDependency>
        <Required type="1" schemaName="product" displayName="Product" solution="msdynce_ProductManagement (9.0.4.0066)">
          <package>msdynce_ProductManagementAnchor (9.0.24064.10001)</package>
        </Required>
        <Dependent type="80" schemaName="kofc_OneMemberSales" displayName="One Member-Sales" />
      </MissingDependency>
      <MissingDependency>
        <Required type="10" schemaName="msdyn_msdyn_presence_systemuser" displayName="msdyn_msdyn_presence_systemuser" parentSchemaName="msdyn_presence" parentDisplayName="Presence" solution="OmnichannelBase (1.10.0.84)">
          <package>UnifiedRoutingPrimeAnchor (1.5.26.130)</package>
        </Required>
        <Dependent type="60" displayName="User" parentDisplayName="User" id="{c2cd9e55-d4b4-4b55-9951-16ead79643e5}" />
      </MissingDependency>
      <MissingDependency>
        <Required type="10" schemaName="kofc_kofc_policyparty_systemuser_kofc_AUC_PolymorphicId" displayName="kofc_kofc_policyparty_systemuser_kofc_AUC_PolymorphicId" parentSchemaName="systemuser" parentDisplayName="User" solution="Active" />
        <Dependent type="60" displayName="User" parentDisplayName="User" id="{c2cd9e55-d4b4-4b55-9951-16ead79643e5}" />
      </MissingDependency>
      <MissingDependency>
        <Required type="10" schemaName="kofc_systemuser_kofc_agentprofessionallicense_UserID" displayName="kofc_systemuser_kofc_agentprofessionallicense_UserID" parentSchemaName="systemuser" parentDisplayName="User" solution="Active" />
        <Dependent type="60" displayName="User" parentDisplayName="User" id="{c2cd9e55-d4b4-4b55-9951-16ead79643e5}" />
      </MissingDependency>
      <MissingDependency>
        <Required type="2" schemaName="kofc_agencynumber" displayName="Agency Number" parentSchemaName="systemuser" parentDisplayName="User" solution="Active" />
        <Dependent type="60" displayName="User" parentDisplayName="User" id="{c2cd9e55-d4b4-4b55-9951-16ead79643e5}" />
      </MissingDependency>
      <MissingDependency>
        <Required type="2" schemaName="kofc_agentchannel" displayName="Agent Channel" parentSchemaName="systemuser" parentDisplayName="User" solution="Active" />
        <Dependent type="60" displayName="User" parentDisplayName="User" id="{c2cd9e55-d4b4-4b55-9951-16ead79643e5}" />
      </MissingDependency>
      <MissingDependency>
        <Required type="2" schemaName="kofc_agentid" displayName="Agent ID" parentSchemaName="systemuser" parentDisplayName="User" solution="Active" />
        <Dependent type="60" displayName="User" parentDisplayName="User" id="{c2cd9e55-d4b4-4b55-9951-16ead79643e5}" />
      </MissingDependency>
      <MissingDependency>
        <Required type="2" schemaName="kofc_agentlanguages" displayName="Agent Language" parentSchemaName="systemuser" parentDisplayName="User" solution="Active" />
        <Dependent type="60" displayName="User" parentDisplayName="User" id="{c2cd9e55-d4b4-4b55-9951-16ead79643e5}" />
      </MissingDependency>
      <MissingDependency>
        <Required type="2" schemaName="kofc_fielddirector" displayName="Field Director" parentSchemaName="systemuser" parentDisplayName="User" solution="Active" />
        <Dependent type="60" displayName="User" parentDisplayName="User" id="{c2cd9e55-d4b4-4b55-9951-16ead79643e5}" />
      </MissingDependency>
      <MissingDependency>
        <Required type="2" schemaName="kofc_maritalstatus" displayName="Marital Status" parentSchemaName="systemuser" parentDisplayName="User" solution="Active" />
        <Dependent type="60" displayName="User" parentDisplayName="User" id="{c2cd9e55-d4b4-4b55-9951-16ead79643e5}" />
      </MissingDependency>
      <MissingDependency>
        <Required type="2" schemaName="kofc_user_ldap_id" displayName="User_Ldap_id" parentSchemaName="systemuser" parentDisplayName="User" solution="Active" />
        <Dependent type="60" displayName="User" parentDisplayName="User" id="{c2cd9e55-d4b4-4b55-9951-16ead79643e5}" />
      </MissingDependency>
      <MissingDependency>
        <Required type="2" schemaName="kofc_vicepresident" displayName="Vice President" parentSchemaName="systemuser" parentDisplayName="User" solution="Active" />
        <Dependent type="60" displayName="User" parentDisplayName="User" id="{c2cd9e55-d4b4-4b55-9951-16ead79643e5}" />
      </MissingDependency>
      <MissingDependency>
        <Required type="2" schemaName="msdyn_agentType" displayName="User type" parentSchemaName="systemuser" parentDisplayName="User" solution="OmnichannelBotEnabler (1.5.0.4)">
          <package>OmnichannelPrimeAnchor (1.5.26.232)</package>
        </Required>
        <Dependent type="60" displayName="User" parentDisplayName="User" id="{c2cd9e55-d4b4-4b55-9951-16ead79643e5}" />
      </MissingDependency>
      <MissingDependency>
        <Required type="2" schemaName="msdyn_botapplicationid" displayName="Bot application ID" parentSchemaName="systemuser" parentDisplayName="User" solution="OmnichannelBotEnabler (1.5.0.4)">
          <package>OmnichannelPrimeAnchor (1.5.26.232)</package>
        </Required>
        <Dependent type="60" displayName="User" parentDisplayName="User" id="{c2cd9e55-d4b4-4b55-9951-16ead79643e5}" />
      </MissingDependency>
      <MissingDependency>
        <Required type="2" schemaName="msdyn_botdescription" displayName="Description" parentSchemaName="systemuser" parentDisplayName="User" solution="OmnichannelBase (1.10.0.84)">
          <package>UnifiedRoutingPrimeAnchor (1.5.26.130)</package>
        </Required>
        <Dependent type="60" displayName="User" parentDisplayName="User" id="{c2cd9e55-d4b4-4b55-9951-16ead79643e5}" />
      </MissingDependency>
      <MissingDependency>
        <Required type="2" schemaName="msdyn_botprovider" displayName="Bot Provider" parentSchemaName="systemuser" parentDisplayName="User" solution="msdyn_OmnichannelBotEnablerPatch (1.5.26.3)">
          <package>OmnichannelPrimeAnchor (1.5.26.232)</package>
        </Required>
        <Dependent type="60" displayName="User" parentDisplayName="User" id="{c2cd9e55-d4b4-4b55-9951-16ead79643e5}" />
      </MissingDependency>
      <MissingDependency>
        <Required type="2" schemaName="msdyn_capacity" displayName="Capacity" parentSchemaName="systemuser" parentDisplayName="User" solution="OmnichannelBase (1.10.0.84)">
          <package>UnifiedRoutingPrimeAnchor (1.5.26.130)</package>
        </Required>
        <Dependent type="60" displayName="User" parentDisplayName="User" id="{c2cd9e55-d4b4-4b55-9951-16ead79643e5}" />
      </MissingDependency>
      <MissingDependency>
        <Required type="2" schemaName="msdyn_defaultpresenceiduser" displayName="Default Presence" parentSchemaName="systemuser" parentDisplayName="User" solution="OmnichannelBase (1.10.0.84)">
          <package>UnifiedRoutingPrimeAnchor (1.5.26.130)</package>
        </Required>
        <Dependent type="60" displayName="User" parentDisplayName="User" id="{c2cd9e55-d4b4-4b55-9951-16ead79643e5}" />
      </MissingDependency>
      <MissingDependency>
        <Required type="2" schemaName="siteid" displayName="Site" parentSchemaName="systemuser" parentDisplayName="User" solution="msdynce_Service (9.0.5.56)">
          <package>msdynce_ServiceAnchor (9.0.24064.1010)</package>
        </Required>
        <Dependent type="60" displayName="User" parentDisplayName="User" id="{c2cd9e55-d4b4-4b55-9951-16ead79643e5}" />
      </MissingDependency>
      <MissingDependency>
        <Required type="2" schemaName="territoryid" displayName="Territory" parentSchemaName="systemuser" parentDisplayName="User" solution="msdynce_AppCommon (9.0.4.0066)">
          <package>msdynce_AppCommonAnchor (9.0.24064.10001)</package>
        </Required>
        <Dependent type="60" displayName="User" parentDisplayName="User" id="{c2cd9e55-d4b4-4b55-9951-16ead79643e5}" />
      </MissingDependency>
      <MissingDependency>
        <Required type="20" displayName="KCCF Leader" solution="Active" id="{17a2029d-c83f-ee11-bdf3-000d3a578997}" />
        <Dependent type="80" schemaName="kofc_OneMemberSales" displayName="One Member-Sales" />
      </MissingDependency>
      <MissingDependency>
        <Required type="20" displayName="Investment Manager" solution="Active" id="{1aa25218-d83d-ee11-bdf4-000d3a578cc3}" />
        <Dependent type="80" schemaName="kofc_OneMemberSales" displayName="One Member-Sales" />
      </MissingDependency>
      <MissingDependency>
        <Required type="20" displayName="KCCF User" solution="Active" id="{1dcfc445-3f3f-ee11-bdf3-000d3a578cc3}" />
        <Dependent type="80" schemaName="kofc_OneMemberSales" displayName="One Member-Sales" />
      </MissingDependency>
      <MissingDependency>
        <Required type="20" displayName="Insurance Sales" solution="Active" id="{5a224ad7-6330-ee11-bdf3-000d3a578542}" />
        <Dependent type="80" schemaName="kofc_OneMemberSales" displayName="One Member-Sales" />
      </MissingDependency>
      <MissingDependency>
        <Required type="20" displayName="Investment Support" solution="Active" id="{5b6f5265-d83d-ee11-bdf4-000d3a578cc3}" />
        <Dependent type="80" schemaName="kofc_OneMemberSales" displayName="One Member-Sales" />
      </MissingDependency>
      <MissingDependency>
        <Required type="20" displayName="Home Office" solution="Active" id="{64d5adb5-2d46-ee11-be6d-000d3a578542}" />
        <Dependent type="80" schemaName="kofc_OneMemberSales" displayName="One Member-Sales" />
      </MissingDependency>
      <MissingDependency>
        <Required type="20" displayName="InfoSec" solution="Active" id="{6a7ecb2a-4014-ef11-9f8a-00224820f8d5}" />
        <Dependent type="80" schemaName="kofc_OneMemberSales" displayName="One Member-Sales" />
      </MissingDependency>
      <MissingDependency>
        <Required type="20" displayName="Charity Leader" solution="Active" id="{7490ed3b-0b40-ee11-bdf3-6045bddc9c37}" />
        <Dependent type="80" schemaName="kofc_OneMemberSales" displayName="One Member-Sales" />
      </MissingDependency>
      <MissingDependency>
        <Required type="20" displayName="L1/L2 Support" solution="Active" id="{76e89615-d118-ef11-9f89-0022481c1b34}" />
        <Dependent type="80" schemaName="kofc_OneMemberSales" displayName="One Member-Sales" />
      </MissingDependency>
      <MissingDependency>
        <Required type="20" displayName="Fraternal Manager" solution="Active" id="{a1326f24-a241-ee11-bdf3-6045bddc9c37}" />
        <Dependent type="80" schemaName="kofc_OneMemberSales" displayName="One Member-Sales" />
      </MissingDependency>
      <MissingDependency>
        <Required type="20" displayName="Investment Leader​​" solution="Active" id="{b66c2076-d83d-ee11-bdf4-000d3a578cc3}" />
        <Dependent type="80" schemaName="kofc_OneMemberSales" displayName="One Member-Sales" />
      </MissingDependency>
      <MissingDependency>
        <Required type="20" displayName="Charity User" solution="Active" id="{e0f4275a-e53f-ee11-bdf3-6045bddc9c37}" />
        <Dependent type="80" schemaName="kofc_OneMemberSales" displayName="One Member-Sales" />
      </MissingDependency>
      <MissingDependency>
        <Required type="20" displayName="Forecast manager" solution="msdyn_Forecasting (9.0.24063.10004)" id="{e739f82a-9519-e911-817c-000d3a0718d1}">
          <package>msdyn_SalesIntegrationsAddOns (9.0.24063.10005)</package>
        </Required>
        <Dependent type="80" schemaName="kofc_OneMemberSales" displayName="One Member-Sales" />
      </MissingDependency>
      <MissingDependency>
        <Required type="20" displayName="Actuary User" solution="Active" id="{edb497dc-76fd-ee11-a1fe-00224820f8d5}" />
        <Dependent type="80" schemaName="kofc_OneMemberSales" displayName="One Member-Sales" />
      </MissingDependency>
      <MissingDependency>
        <Required type="20" displayName="Agency Support" solution="Active" id="{edce72aa-7037-ee11-bdf4-000d3a578997}" />
        <Dependent type="80" schemaName="kofc_OneMemberSales" displayName="One Member-Sales" />
      </MissingDependency>
      <MissingDependency>
        <Required type="20" displayName="Retail Investment Sales" solution="Active" id="{ee03bae6-2d46-ee11-be6d-000d3a578542}" />
        <Dependent type="80" schemaName="kofc_OneMemberSales" displayName="One Member-Sales" />
      </MissingDependency>
      <MissingDependency>
        <Required type="26" schemaName="Lead Advanced Find View" displayName="Lead Advanced Find View" parentSchemaName="lead" parentDisplayName="Lead" solution="msdynce_LeadManagement (9.0.4.0066)" id="{00000000-0000-0000-00aa-000000666700}">
          <package>msdynce_LeadManagementAnchor (9.0.24064.10001)</package>
        </Required>
        <Dependent type="80" schemaName="kofc_OneMemberSales" displayName="One Member-Sales" />
      </MissingDependency>
      <MissingDependency>
        <Required type="26" schemaName="Opportunity Advanced Find View" displayName="Opportunity Advanced Find View" parentSchemaName="opportunity" parentDisplayName="Opportunity" solution="msdynce_Sales (9.0.4.0076)" id="{00000000-0000-0000-00aa-000000666800}">
          <package>msdynce_SalesAnchor (9.0.24064.10007)</package>
        </Required>
        <Dependent type="80" schemaName="kofc_OneMemberSales" displayName="One Member-Sales" />
      </MissingDependency>
      <MissingDependency>
        <Required type="26" schemaName="My Open Leads" displayName="My Open Leads" parentSchemaName="lead" parentDisplayName="Lead" solution="msdynce_LeadManagement (9.0.4.0066)" id="{00000000-0000-0000-00aa-000010001005}">
          <package>msdynce_LeadManagementAnchor (9.0.24064.10001)</package>
        </Required>
        <Dependent type="80" schemaName="kofc_OneMemberSales" displayName="One Member-Sales" />
      </MissingDependency>
      <MissingDependency>
        <Required type="26" schemaName="Open Leads" displayName="Open Leads" parentSchemaName="lead" parentDisplayName="Lead" solution="msdynce_LeadManagement (9.0.4.0066)" id="{00000000-0000-0000-00aa-000010001006}">
          <package>msdynce_LeadManagementAnchor (9.0.24064.10001)</package>
        </Required>
        <Dependent type="80" schemaName="kofc_OneMemberSales" displayName="One Member-Sales" />
      </MissingDependency>
      <MissingDependency>
        <Required type="26" schemaName="Leads Opened This Week" displayName="Leads Opened This Week" parentSchemaName="lead" parentDisplayName="Lead" solution="msdynce_LeadManagement (9.0.4.0066)" id="{00000000-0000-0000-00aa-000010001007}">
          <package>msdynce_LeadManagementAnchor (9.0.24064.10001)</package>
        </Required>
        <Dependent type="80" schemaName="kofc_OneMemberSales" displayName="One Member-Sales" />
      </MissingDependency>
      <MissingDependency>
        <Required type="26" schemaName="Leads Opened Last Week" displayName="Leads Opened Last Week" parentSchemaName="lead" parentDisplayName="Lead" solution="msdynce_LeadManagement (9.0.4.0066)" id="{00000000-0000-0000-00aa-000010001008}">
          <package>msdynce_LeadManagementAnchor (9.0.24064.10001)</package>
        </Required>
        <Dependent type="80" schemaName="kofc_OneMemberSales" displayName="One Member-Sales" />
      </MissingDependency>
      <MissingDependency>
        <Required type="26" schemaName="Closed Leads" displayName="Closed Leads" parentSchemaName="lead" parentDisplayName="Lead" solution="msdynce_LeadManagement (9.0.4.0066)" id="{00000000-0000-0000-00aa-000010001009}">
          <package>msdynce_LeadManagementAnchor (9.0.24064.10001)</package>
        </Required>
        <Dependent type="80" schemaName="kofc_OneMemberSales" displayName="One Member-Sales" />
      </MissingDependency>
      <MissingDependency>
        <Required type="26" schemaName="Opportunity Associated View" displayName="Opportunity Associated View" parentSchemaName="opportunity" parentDisplayName="Opportunity" solution="msdynce_Sales (9.0.4.0076)" id="{00000000-0000-0000-00aa-000010001203}">
          <package>msdynce_SalesAnchor (9.0.24064.10007)</package>
        </Required>
        <Dependent type="80" schemaName="kofc_OneMemberSales" displayName="One Member-Sales" />
      </MissingDependency>
      <MissingDependency>
        <Required type="26" schemaName="My Open Opportunities" displayName="My Open Opportunities" parentSchemaName="opportunity" parentDisplayName="Opportunity" solution="msdynce_Sales (9.0.4.0076)" id="{00000000-0000-0000-00aa-000010003000}">
          <package>msdynce_SalesAnchor (9.0.24064.10007)</package>
        </Required>
        <Dependent type="80" schemaName="kofc_OneMemberSales" displayName="One Member-Sales" />
      </MissingDependency>
      <MissingDependency>
        <Required type="26" schemaName="Open Opportunities" displayName="Open Opportunities" parentSchemaName="opportunity" parentDisplayName="Opportunity" solution="msdynce_Sales (9.0.4.0076)" id="{00000000-0000-0000-00aa-000010003001}">
          <package>msdynce_SalesAnchor (9.0.24064.10007)</package>
        </Required>
        <Dependent type="80" schemaName="kofc_OneMemberSales" displayName="One Member-Sales" />
      </MissingDependency>
      <MissingDependency>
        <Required type="26" schemaName="Opportunities Closing Next Month" displayName="Opportunities Closing Next Month" parentSchemaName="opportunity" parentDisplayName="Opportunity" solution="msdynce_Sales (9.0.4.0076)" id="{00000000-0000-0000-00aa-000010003002}">
          <package>msdynce_SalesAnchor (9.0.24064.10007)</package>
        </Required>
        <Dependent type="80" schemaName="kofc_OneMemberSales" displayName="One Member-Sales" />
      </MissingDependency>
      <MissingDependency>
        <Required type="26" schemaName="Opportunities Opened Last Week" displayName="Opportunities Opened Last Week" parentSchemaName="opportunity" parentDisplayName="Opportunity" solution="msdynce_Sales (9.0.4.0076)" id="{00000000-0000-0000-00aa-000010003003}">
          <package>msdynce_SalesAnchor (9.0.24064.10007)</package>
        </Required>
        <Dependent type="80" schemaName="kofc_OneMemberSales" displayName="One Member-Sales" />
      </MissingDependency>
      <MissingDependency>
        <Required type="26" schemaName="Opportunities Opened This Week" displayName="Opportunities Opened This Week" parentSchemaName="opportunity" parentDisplayName="Opportunity" solution="msdynce_Sales (9.0.4.0076)" id="{00000000-0000-0000-00aa-000010003004}">
          <package>msdynce_SalesAnchor (9.0.24064.10007)</package>
        </Required>
        <Dependent type="80" schemaName="kofc_OneMemberSales" displayName="One Member-Sales" />
      </MissingDependency>
      <MissingDependency>
        <Required type="26" schemaName="Closed Opportunities" displayName="Closed Opportunities" parentSchemaName="opportunity" parentDisplayName="Opportunity" solution="msdynce_Sales (9.0.4.0076)" id="{00000000-0000-0000-00aa-000010003006}">
          <package>msdynce_SalesAnchor (9.0.24064.10007)</package>
        </Required>
        <Dependent type="80" schemaName="kofc_OneMemberSales" displayName="One Member-Sales" />
      </MissingDependency>
      <MissingDependency>
        <Required type="26" schemaName="My Clients' Birthday" displayName="My Clients' Birthday" parentSchemaName="contact" parentDisplayName="Contact" solution="Active" id="{0551682b-d573-ee11-9ae7-000d3a5784a8}" />
        <Dependent type="80" schemaName="kofc_OneMemberSales" displayName="One Member-Sales" />
      </MissingDependency>
      <MissingDependency>
        <Required type="26" schemaName="Opportunity Close Associated View" displayName="Opportunity Close Associated View" parentSchemaName="opportunityclose" parentDisplayName="Opportunity Close" solution="msdynce_SalesPatch202001 (9.0.24064.10007)" id="{08ccc142-bf47-4c48-95bd-581273f8c8cb}">
          <package>msdynce_SalesAnchor (9.0.24064.10007)</package>
        </Required>
        <Dependent type="80" schemaName="kofc_OneMemberSales" displayName="One Member-Sales" />
      </MissingDependency>
      <MissingDependency>
        <Required type="26" schemaName="All Contacts" displayName="All Contacts" parentSchemaName="contact" parentDisplayName="Contact" solution="msdynce_AppCommon (9.0.4.0066)" id="{0d5d377b-5e7c-47b5-bab1-a5cb8b4ac105}">
          <package>msdynce_AppCommonAnchor (9.0.24064.10001)</package>
        </Required>
        <Dependent type="80" schemaName="kofc_OneMemberSales" displayName="One Member-Sales" />
      </MissingDependency>
      <MissingDependency>
        <Required type="26" schemaName="Opportunities I am a member of" displayName="Opportunities I am a member of" parentSchemaName="opportunity" parentDisplayName="Opportunity" solution="msdynce_Sales (9.0.4.0076)" id="{0fa11297-a5db-446b-89ee-7b0771d1d590}">
          <package>msdynce_SalesAnchor (9.0.24064.10007)</package>
        </Required>
        <Dependent type="80" schemaName="kofc_OneMemberSales" displayName="One Member-Sales" />
      </MissingDependency>
      <MissingDependency>
        <Required type="26" schemaName="Institutions Being Followed" displayName="Institutions Being Followed" parentSchemaName="account" parentDisplayName="Institution" solution="Active" id="{13b78fcc-a8f5-ee11-a1fd-6045bdd762ac}" />
        <Dependent type="80" schemaName="kofc_OneMemberSales" displayName="One Member-Sales" />
      </MissingDependency>
      <MissingDependency>
        <Required type="26" schemaName="Institution names list" displayName="Institution names list" parentSchemaName="account" parentDisplayName="Institution" solution="MicrosoftDynamics_Marketing (1.105.2008.0)" id="{199a7fea-93b3-47c8-b950-4b6d60b2c955}">
          <package>MicrosoftDynamics_MktCompleteAnchorSolution (1.105.2008.0)</package>
        </Required>
        <Dependent type="80" schemaName="kofc_OneMemberSales" displayName="One Member-Sales" />
      </MissingDependency>
      <MissingDependency>
        <Required type="26" schemaName="Policy Lookup View" displayName="Policy Lookup View" parentSchemaName="kofc_policy" parentDisplayName="Policy" solution="Active" id="{1a03fe1b-cd13-4a74-ac60-05973fbbbff0}" />
        <Dependent type="80" schemaName="kofc_OneMemberSales" displayName="One Member-Sales" />
      </MissingDependency>
      <MissingDependency>
        <Required type="26" schemaName="New Member-90 Days" displayName="New Member-90 Days" parentSchemaName="opportunity" parentDisplayName="Opportunity" solution="Active" id="{1c3df53f-8924-ee11-9cbe-000d3a57805e}" />
        <Dependent type="80" schemaName="kofc_OneMemberSales" displayName="One Member-Sales" />
      </MissingDependency>
      <MissingDependency>
        <Required type="26" schemaName="All Opportunities at Risk - Contact left" displayName="All Opportunities at Risk - Contact left" parentSchemaName="opportunity" parentDisplayName="Opportunity" solution="msdyn_LinkedInExtensions (9.0.24034.10011)" id="{1c56c2e4-6d3a-e911-8185-000d3a070f2c}">
          <package>msdyn_SalesIntegrationsAddOns (9.0.24063.10005)</package>
        </Required>
        <Dependent type="80" schemaName="kofc_OneMemberSales" displayName="One Member-Sales" />
      </MissingDependency>
      <MissingDependency>
        <Required type="26" schemaName="My Contacts Not at Company" displayName="My Contacts Not at Company" parentSchemaName="contact" parentDisplayName="Contact" solution="msdyn_LinkedInExtensions (9.0.24034.10011)" id="{1d3a0a34-653a-e911-8185-000d3a070f2c}">
          <package>msdyn_SalesIntegrationsAddOns (9.0.24063.10005)</package>
        </Required>
        <Dependent type="80" schemaName="kofc_OneMemberSales" displayName="One Member-Sales" />
      </MissingDependency>
      <MissingDependency>
        <Required type="26" schemaName="My Closed Opportunities in Current Fiscal Year" displayName="My Closed Opportunities in Current Fiscal Year" parentSchemaName="opportunity" parentDisplayName="Opportunity" solution="msdynce_Sales (9.0.4.0076)" id="{31dae384-a86f-df11-986c-00155d2e3002}">
          <package>msdynce_SalesAnchor (9.0.24064.10007)</package>
        </Required>
        <Dependent type="80" schemaName="kofc_OneMemberSales" displayName="One Member-Sales" />
      </MissingDependency>
      <MissingDependency>
        <Required type="26" schemaName="Active Policy Parties" displayName="Active Policy Parties" parentSchemaName="kofc_policyparty" parentDisplayName="Policy Party" solution="Active" id="{347b7561-802c-423f-b830-3136ee3838cc}" />
        <Dependent type="60" displayName="User" parentDisplayName="User" id="{c2cd9e55-d4b4-4b55-9951-16ead79643e5}" />
      </MissingDependency>
      <MissingDependency>
        <Required type="26" schemaName="Unfunded DAF Accounts" displayName="Unfunded DAF Accounts" parentSchemaName="opportunity" parentDisplayName="Opportunity" solution="Active" id="{359548fe-6d6e-ee11-8df0-000d3a578997}" />
        <Dependent type="80" schemaName="kofc_OneMemberSales" displayName="One Member-Sales" />
      </MissingDependency>
      <MissingDependency>
        <Required type="26" schemaName="Contacts I Follow" displayName="Contacts I Follow" parentSchemaName="contact" parentDisplayName="Contact" solution="Active" id="{3a282da1-5d90-e011-95ae-00155d9cfa02}" />
        <Dependent type="80" schemaName="kofc_OneMemberSales" displayName="One Member-Sales" />
      </MissingDependency>
      <MissingDependency>
        <Required type="26" schemaName="Contacts Being Followed" displayName="Contacts Being Followed" parentSchemaName="contact" parentDisplayName="Contact" solution="Active" id="{3a282da1-5d90-e011-95ae-00155d9cfa03}" />
        <Dependent type="80" schemaName="kofc_OneMemberSales" displayName="One Member-Sales" />
      </MissingDependency>
      <MissingDependency>
        <Required type="26" schemaName="All Policies" displayName="All Policies" parentSchemaName="kofc_policy" parentDisplayName="Policy" solution="Active" id="{3c0edc08-0fd7-ee11-9079-6045bddc9c37}" />
        <Dependent type="80" schemaName="kofc_OneMemberSales" displayName="One Member-Sales" />
      </MissingDependency>
      <MissingDependency>
        <Required type="26" schemaName="All My Clients" displayName="All My Clients" parentSchemaName="contact" parentDisplayName="Contact" solution="Active" id="{46bf8fe4-4e8f-ee11-8179-6045bddc9c37}" />
        <Dependent type="80" schemaName="kofc_OneMemberSales" displayName="One Member-Sales" />
      </MissingDependency>
      <MissingDependency>
        <Required type="26" schemaName="Omnichannel queues" displayName="Omnichannel queues" parentSchemaName="queue" parentDisplayName="Queue" solution="OmnichannelBase (1.10.0.84)" id="{475ba760-c16c-e911-8196-000d3af7379e}">
          <package>UnifiedRoutingPrimeAnchor (1.5.26.130)</package>
        </Required>
        <Dependent type="60" displayName="User" parentDisplayName="User" id="{c2cd9e55-d4b4-4b55-9951-16ead79643e5}" />
      </MissingDependency>
      <MissingDependency>
        <Required type="26" schemaName="Membership Roster Listings (All Councils)" displayName="Membership Roster Listings (All Councils)" parentSchemaName="contact" parentDisplayName="Contact" solution="Active" id="{4922877a-7d57-ee11-be6f-000d3a578542}" />
        <Dependent type="80" schemaName="kofc_OneMemberSales" displayName="One Member-Sales" />
      </MissingDependency>
      <MissingDependency>
        <Required type="26" schemaName="Opportunity Close Advanced Find View" displayName="Opportunity Close Advanced Find View" parentSchemaName="opportunityclose" parentDisplayName="Opportunity Close" solution="msdynce_Sales (9.0.4.0076)" id="{4e4c931e-5373-4886-8003-38dcc005e9bd}">
          <package>msdynce_SalesAnchor (9.0.24064.10007)</package>
        </Required>
        <Dependent type="80" schemaName="kofc_OneMemberSales" displayName="One Member-Sales" />
      </MissingDependency>
      <MissingDependency>
        <Required type="26" schemaName="Active Capacity Profiles" displayName="Active Capacity Profiles" parentSchemaName="msdyn_capacityprofile" parentDisplayName="Capacity Profile" solution="UnifiedRouting (1.0.0.5082)" id="{59137c65-5747-433b-8a7d-fd1dc252f13f}">
          <package>UnifiedRoutingPrimeAnchor (1.5.26.130)</package>
        </Required>
        <Dependent type="60" displayName="User" parentDisplayName="User" id="{c2cd9e55-d4b4-4b55-9951-16ead79643e5}" />
      </MissingDependency>
      <MissingDependency>
        <Required type="26" schemaName="All Leads" displayName="All Leads" parentSchemaName="lead" parentDisplayName="Lead" solution="msdynce_LeadManagement (9.0.4.0066)" id="{5a926b99-3a5f-df11-ae90-00155d2e3002}">
          <package>msdynce_LeadManagementAnchor (9.0.24064.10001)</package>
        </Required>
        <Dependent type="80" schemaName="kofc_OneMemberSales" displayName="One Member-Sales" />
      </MissingDependency>
      <MissingDependency>
        <Required type="26" schemaName="Active Agent Professional Licenses" displayName="Active Agent Professional Licenses" parentSchemaName="kofc_agentprofessionallicense" parentDisplayName="Agent Professional License" solution="Active" id="{5b8a2faa-e4d8-455c-a609-234f6d167adf}" />
        <Dependent type="60" displayName="User" parentDisplayName="User" id="{c2cd9e55-d4b4-4b55-9951-16ead79643e5}" />
      </MissingDependency>
      <MissingDependency>
        <Required type="26" schemaName="Lost Opportunities" displayName="Lost Opportunities" parentSchemaName="opportunity" parentDisplayName="Opportunity" solution="msdynce_Sales (9.0.4.0076)" id="{5bd2527c-a882-de11-9ff3-00155da3b012}">
          <package>msdynce_SalesAnchor (9.0.24064.10007)</package>
        </Required>
        <Dependent type="80" schemaName="kofc_OneMemberSales" displayName="One Member-Sales" />
      </MissingDependency>
      <MissingDependency>
        <Required type="26" schemaName="Opportunities in Current Fiscal Year" displayName="Opportunities in Current Fiscal Year" parentSchemaName="opportunity" parentDisplayName="Opportunity" solution="msdynce_Sales (9.0.4.0076)" id="{5cfca9b8-2d7c-e211-bb35-00155d882402}">
          <package>msdynce_SalesAnchor (9.0.24064.10007)</package>
        </Required>
        <Dependent type="80" schemaName="kofc_OneMemberSales" displayName="One Member-Sales" />
      </MissingDependency>
      <MissingDependency>
        <Required type="26" schemaName="Capacity profile Subgrid View" displayName="Capacity profile Subgrid View" parentSchemaName="msdyn_capacityprofile" parentDisplayName="Capacity Profile" solution="OCBaseURBase (1.1.0.872)" id="{6313eed9-e160-eb11-a812-000d3a9bbc54}">
          <package>UnifiedRoutingPrimeAnchor (1.5.26.130)</package>
        </Required>
        <Dependent type="60" displayName="User" parentDisplayName="User" id="{c2cd9e55-d4b4-4b55-9951-16ead79643e5}" />
      </MissingDependency>
      <MissingDependency>
        <Required type="26" schemaName="All Institutions List" displayName="All Institutions List" parentSchemaName="account" parentDisplayName="Institution" solution="msdynce_AppCommon (9.0.4.0066)" id="{65ffaf9a-e8c5-432d-860b-32f841b00d87}">
          <package>msdynce_AppCommonAnchor (9.0.24064.10001)</package>
        </Required>
        <Dependent type="80" schemaName="kofc_OneMemberSales" displayName="One Member-Sales" />
      </MissingDependency>
      <MissingDependency>
        <Required type="26" schemaName="Active Bookable Resources" displayName="Active Bookable Resources" parentSchemaName="bookableresource" parentDisplayName="Bookable Resource" solution="msdynce_Scheduling (9.0.0.0)" id="{662706ca-6ec0-4c0e-a281-521161be48fa}" />
        <Dependent type="60" displayName="User" parentDisplayName="User" id="{c2cd9e55-d4b4-4b55-9951-16ead79643e5}" />
      </MissingDependency>
      <MissingDependency>
        <Required type="26" schemaName="Client and Member Details" displayName="Client and Member Details" parentSchemaName="contact" parentDisplayName="Contact" solution="Active" id="{68e4a0b2-78be-ee11-9079-6045bddc9c37}" />
        <Dependent type="80" schemaName="kofc_OneMemberSales" displayName="One Member-Sales" />
      </MissingDependency>
      <MissingDependency>
        <Required type="26" schemaName="My Opportunities at Risk - Contact left" displayName="My Opportunities at Risk - Contact left" parentSchemaName="opportunity" parentDisplayName="Opportunity" solution="msdyn_LinkedInExtensions (9.0.24034.10011)" id="{82d441ef-6d3a-e911-8185-000d3a070f2c}">
          <package>msdyn_SalesIntegrationsAddOns (9.0.24063.10005)</package>
        </Required>
        <Dependent type="80" schemaName="kofc_OneMemberSales" displayName="One Member-Sales" />
      </MissingDependency>
      <MissingDependency>
        <Required type="26" schemaName="Policy Associated View" displayName="Policy Associated View" parentSchemaName="kofc_policy" parentDisplayName="Policy" solution="Active" id="{89a8cacf-4748-4ac7-bd0a-205a033d259b}" />
        <Dependent type="80" schemaName="kofc_OneMemberSales" displayName="One Member-Sales" />
      </MissingDependency>
      <MissingDependency>
        <Required type="26" schemaName="My Opportunities" displayName="My Opportunities" parentSchemaName="opportunity" parentDisplayName="Opportunity" solution="Active" id="{8c12a5dd-ac8e-ee11-8179-000d3a578997}" />
        <Dependent type="80" schemaName="kofc_OneMemberSales" displayName="One Member-Sales" />
      </MissingDependency>
      <MissingDependency>
        <Required type="26" schemaName="My Open Opportunities Scored" displayName="My Open Opportunities Scored" parentSchemaName="opportunity" parentDisplayName="Opportunity" solution="PredictiveOpportunityScoring (9.0.24063.10001)" id="{8d1ffff8-61b4-47c2-b647-390060129d91}">
          <package>msdynce_SalesInsightsAnchor (9.0.24063.10003)</package>
        </Required>
        <Dependent type="80" schemaName="kofc_OneMemberSales" displayName="One Member-Sales" />
      </MissingDependency>
      <MissingDependency>
        <Required type="26" schemaName="All Contacts Not at Company" displayName="All Contacts Not at Company" parentSchemaName="contact" parentDisplayName="Contact" solution="msdyn_LinkedInExtensions (9.0.24034.10011)" id="{973e2d26-653a-e911-8185-000d3a070f2c}">
          <package>msdyn_SalesIntegrationsAddOns (9.0.24063.10005)</package>
        </Required>
        <Dependent type="80" schemaName="kofc_OneMemberSales" displayName="One Member-Sales" />
      </MissingDependency>
      <MissingDependency>
        <Required type="26" schemaName="Closed Opportunities in Current Fiscal Year" displayName="Closed Opportunities in Current Fiscal Year" parentSchemaName="opportunity" parentDisplayName="Opportunity" solution="msdynce_Sales (9.0.4.0076)" id="{9bee7ca3-b068-df11-ae90-00155d2e3002}">
          <package>msdynce_SalesAnchor (9.0.24064.10007)</package>
        </Required>
        <Dependent type="80" schemaName="kofc_OneMemberSales" displayName="One Member-Sales" />
      </MissingDependency>
      <MissingDependency>
        <Required type="26" schemaName="Recent Opportunities" displayName="Recent Opportunities" parentSchemaName="opportunity" parentDisplayName="Opportunity" solution="msdynce_Sales (9.0.4.0076)" id="{9c3f7ee8-eca7-e211-9fb6-00155dd0ea05}">
          <package>msdynce_SalesAnchor (9.0.24064.10007)</package>
        </Required>
        <Dependent type="80" schemaName="kofc_OneMemberSales" displayName="One Member-Sales" />
      </MissingDependency>
      <MissingDependency>
        <Required type="26" schemaName="Opportunity Lookup View" displayName="Opportunity Lookup View" parentSchemaName="opportunity" parentDisplayName="Opportunity" solution="msdynce_Sales (9.0.4.0076)" id="{9eb361b4-67ac-4830-8abf-2d29efbaee2c}">
          <package>msdynce_SalesAnchor (9.0.24064.10007)</package>
        </Required>
        <Dependent type="80" schemaName="kofc_OneMemberSales" displayName="One Member-Sales" />
      </MissingDependency>
      <MissingDependency>
        <Required type="26" schemaName="My Possible Bluebird Opportunities" displayName="My Possible Bluebird Opportunities" parentSchemaName="opportunity" parentDisplayName="Opportunity" solution="msdyn_LinkedInExtensions (9.0.24034.10011)" id="{a8185304-6e3a-e911-8185-000d3a070f2c}">
          <package>msdyn_SalesIntegrationsAddOns (9.0.24063.10005)</package>
        </Required>
        <Dependent type="80" schemaName="kofc_OneMemberSales" displayName="One Member-Sales" />
      </MissingDependency>
      <MissingDependency>
        <Required type="26" schemaName="Leads: Older Than 6 Months" displayName="Leads: Older Than 6 Months" parentSchemaName="lead" parentDisplayName="Lead" solution="msdynce_LeadManagement (9.0.4.0066)" id="{afe23d8a-6651-474d-b8ee-90210a8231f6}">
          <package>msdynce_LeadManagementAnchor (9.0.24064.10001)</package>
        </Required>
        <Dependent type="80" schemaName="kofc_OneMemberSales" displayName="One Member-Sales" />
      </MissingDependency>
      <MissingDependency>
        <Required type="26" schemaName="Opportunities I Follow" displayName="Opportunities I Follow" parentSchemaName="opportunity" parentDisplayName="Opportunity" solution="Active" id="{b2a4f916-5f90-e011-95ae-00155d9cfa02}" />
        <Dependent type="80" schemaName="kofc_OneMemberSales" displayName="One Member-Sales" />
      </MissingDependency>
      <MissingDependency>
        <Required type="26" schemaName="Opportunities Being Followed" displayName="Opportunities Being Followed" parentSchemaName="opportunity" parentDisplayName="Opportunity" solution="Active" id="{b2a4f916-5f90-e011-95ae-00155d9cfa03}" />
        <Dependent type="80" schemaName="kofc_OneMemberSales" displayName="One Member-Sales" />
      </MissingDependency>
      <MissingDependency>
        <Required type="26" schemaName="My Connections" displayName="My Connections" parentSchemaName="opportunity" parentDisplayName="Opportunity" solution="msdynce_Sales (9.0.4.0076)" id="{b69375fb-61ef-433e-a4c2-031856f9a9e5}">
          <package>msdynce_SalesAnchor (9.0.24064.10007)</package>
        </Required>
        <Dependent type="80" schemaName="kofc_OneMemberSales" displayName="One Member-Sales" />
      </MissingDependency>
      <MissingDependency>
        <Required type="26" schemaName="New Client - Past 90 Days" displayName="New Client - Past 90 Days" parentSchemaName="contact" parentDisplayName="Contact" solution="Active" id="{bb6048cb-5d8f-ee11-8179-000d3a57869b}" />
        <Dependent type="80" schemaName="kofc_OneMemberSales" displayName="One Member-Sales" />
      </MissingDependency>
      <MissingDependency>
        <Required type="26" schemaName="Cross-Sell/Up-Sell Opportunities" displayName="Cross-Sell/Up-Sell Opportunities" parentSchemaName="opportunity" parentDisplayName="Opportunity" solution="Active" id="{c58d5ddf-6c0c-ee11-8f6e-000d3a578997}" />
        <Dependent type="80" schemaName="kofc_OneMemberSales" displayName="One Member-Sales" />
      </MissingDependency>
      <MissingDependency>
        <Required type="26" schemaName="All Opportunities" displayName="All Opportunities" parentSchemaName="opportunity" parentDisplayName="Opportunity" solution="msdynce_Sales (9.0.4.0076)" id="{c6f6fc1b-1b3e-e711-80e1-00155d871bb4}">
          <package>msdynce_SalesAnchor (9.0.24064.10007)</package>
        </Required>
        <Dependent type="80" schemaName="kofc_OneMemberSales" displayName="One Member-Sales" />
      </MissingDependency>
      <MissingDependency>
        <Required type="26" schemaName="Leads I Follow" displayName="Leads I Follow" parentSchemaName="lead" parentDisplayName="Lead" solution="Active" id="{d603107c-5e90-e011-95ae-00155d9cfa02}" />
        <Dependent type="80" schemaName="kofc_OneMemberSales" displayName="One Member-Sales" />
      </MissingDependency>
      <MissingDependency>
        <Required type="26" schemaName="Leads Being Followed" displayName="Leads Being Followed" parentSchemaName="lead" parentDisplayName="Lead" solution="Active" id="{d603107c-5e90-e011-95ae-00155d9cfa03}" />
        <Dependent type="80" schemaName="kofc_OneMemberSales" displayName="One Member-Sales" />
      </MissingDependency>
      <MissingDependency>
        <Required type="26" schemaName="Policy Anniversaries" displayName="Policy Anniversaries" parentSchemaName="kofc_policy" parentDisplayName="Policy" solution="Active" id="{def015fb-6693-ee11-be37-000d3a5617ca}" />
        <Dependent type="80" schemaName="kofc_OneMemberSales" displayName="One Member-Sales" />
      </MissingDependency>
      <MissingDependency>
        <Required type="26" schemaName="Institutions I Follow" displayName="Institutions I Follow" parentSchemaName="account" parentDisplayName="Institution" solution="Active" id="{df0e23ad-aaf5-ee11-a1fe-000d3a578997}" />
        <Dependent type="80" schemaName="kofc_OneMemberSales" displayName="One Member-Sales" />
      </MissingDependency>
      <MissingDependency>
        <Required type="26" schemaName="Institutions List" displayName="Institutions List" parentSchemaName="account" parentDisplayName="Institution" solution="Active" id="{e20cdbc3-38bf-ed11-83fe-6045bd00ae9b}" />
        <Dependent type="80" schemaName="kofc_OneMemberSales" displayName="One Member-Sales" />
      </MissingDependency>
      <MissingDependency>
        <Required type="26" schemaName="New Members in The Past 90 Days" displayName="New Members in The Past 90 Days" parentSchemaName="contact" parentDisplayName="Contact" solution="Active" id="{e8c210f8-f131-ee11-bdf3-000d3a578353}" />
        <Dependent type="80" schemaName="kofc_OneMemberSales" displayName="One Member-Sales" />
      </MissingDependency>
      <MissingDependency>
        <Required type="26" schemaName="Lead Lookup View" displayName="Lead Lookup View" parentSchemaName="lead" parentDisplayName="Lead" solution="msdynce_LeadManagement (9.0.4.0066)" id="{ecbac1a3-f8d8-4423-8f7e-10b11119739a}">
          <package>msdynce_LeadManagementAnchor (9.0.24064.10001)</package>
        </Required>
        <Dependent type="80" schemaName="kofc_OneMemberSales" displayName="One Member-Sales" />
      </MissingDependency>
      <MissingDependency>
        <Required type="26" schemaName="Contact- Agency Support" displayName="Contact- Agency Support" parentSchemaName="contact" parentDisplayName="Contact" solution="Active" id="{f00871be-61b0-ee11-a569-6045bddc9c37}" />
        <Dependent type="80" schemaName="kofc_OneMemberSales" displayName="One Member-Sales" />
      </MissingDependency>
      <MissingDependency>
        <Required type="26" schemaName="Inactive Policies" displayName="Inactive Policies" parentSchemaName="kofc_policy" parentDisplayName="Policy" solution="Active" id="{f0b3cca9-0c9d-4b1a-b2c2-29a775cc1e96}" />
        <Dependent type="80" schemaName="kofc_OneMemberSales" displayName="One Member-Sales" />
      </MissingDependency>
      <MissingDependency>
        <Required type="26" schemaName="Cross-Sell/Up-Sell Leads" displayName="Cross-Sell/Up-Sell Leads" parentSchemaName="lead" parentDisplayName="Lead" solution="Active" id="{f0dffd63-a40b-ee11-8f6e-000d3a578997}" />
        <Dependent type="80" schemaName="kofc_OneMemberSales" displayName="One Member-Sales" />
      </MissingDependency>
      <MissingDependency>
        <Required type="26" schemaName="Won Opportunities" displayName="Won Opportunities" parentSchemaName="opportunity" parentDisplayName="Opportunity" solution="msdynce_Sales (9.0.4.0076)" id="{f73a5bef-a782-de11-9ff3-00155da3b012}">
          <package>msdynce_SalesAnchor (9.0.24064.10007)</package>
        </Required>
        <Dependent type="80" schemaName="kofc_OneMemberSales" displayName="One Member-Sales" />
      </MissingDependency>
      <MissingDependency>
        <Required type="26" schemaName="Lead Associated View" displayName="Lead Associated View" parentSchemaName="lead" parentDisplayName="Lead" solution="msdynce_LeadManagement (9.0.4.0066)" id="{f7ba26ee-3f8e-4cf2-8e02-0b4bbcd16da8}">
          <package>msdynce_LeadManagementAnchor (9.0.24064.10001)</package>
        </Required>
        <Dependent type="80" schemaName="kofc_OneMemberSales" displayName="One Member-Sales" />
      </MissingDependency>
      <MissingDependency>
        <Required type="26" schemaName="Lead List Member View" displayName="Lead List Member View" parentSchemaName="lead" parentDisplayName="Lead" solution="msdynce_LeadManagement (9.0.4.0066)" id="{fc71d030-7a82-4b51-bde8-29b24b7abf9d}">
          <package>msdynce_LeadManagementAnchor (9.0.24064.10001)</package>
        </Required>
        <Dependent type="80" schemaName="kofc_OneMemberSales" displayName="One Member-Sales" />
      </MissingDependency>
      <MissingDependency>
        <Required type="26" schemaName="My Leads" displayName="My Leads" parentSchemaName="lead" parentDisplayName="Lead" solution="Active" id="{fdf7dca4-ab8e-ee11-8179-000d3a5788a4}" />
        <Dependent type="80" schemaName="kofc_OneMemberSales" displayName="One Member-Sales" />
      </MissingDependency>
      <MissingDependency>
        <Required type="26" schemaName="Possible Bluebird Opportunities" displayName="Possible Bluebird Opportunities" parentSchemaName="opportunity" parentDisplayName="Opportunity" solution="msdyn_LinkedInExtensions (9.0.24034.10011)" id="{ffc12337-6e3a-e911-8185-000d3a070f2c}">
          <package>msdyn_SalesIntegrationsAddOns (9.0.24063.10005)</package>
        </Required>
        <Dependent type="80" schemaName="kofc_OneMemberSales" displayName="One Member-Sales" />
      </MissingDependency>
      <MissingDependency>
        <Required type="29" displayName="IoT Alert to Case Process" solution="msdyn_ConnectedCustomerService (9.0.23122.1017)" id="{006c4c42-2abe-4b61-9149-56df5b9625f9}">
          <package>msdynce_ServiceAnchor (9.0.24064.1010)</package>
        </Required>
        <Dependent type="80" schemaName="kofc_OneMemberSales" displayName="One Member-Sales" />
      </MissingDependency>
      <MissingDependency>
        <Required type="29" displayName="Opportunity Sales Process Retail Investment" solution="Active" id="{0886e7ca-c121-4a9a-b728-52755346babb}" />
        <Dependent type="80" schemaName="kofc_OneMemberSales" displayName="One Member-Sales" />
      </MissingDependency>
      <MissingDependency>
        <Required type="29" displayName="Lead to Opportunity for Insurance" solution="Active" id="{08d25bb3-0b26-ee11-9966-000d3a578997}" />
        <Dependent type="80" schemaName="kofc_OneMemberSales" displayName="One Member-Sales" />
      </MissingDependency>
      <MissingDependency>
        <Required type="29" displayName="Phone to Case Process" solution="msdynce_Service (9.0.5.56)" id="{0ffbcde4-61c1-4355-aa89-aa1d7b2b8792}">
          <package>msdynce_ServiceAnchor (9.0.24064.1010)</package>
        </Required>
        <Dependent type="80" schemaName="kofc_OneMemberSales" displayName="One Member-Sales" />
      </MissingDependency>
      <MissingDependency>
        <Required type="29" displayName="Lead to Opportunity for KCCF" solution="Active" id="{108de8f3-2526-ee11-9966-6045bddc9c37}" />
        <Dependent type="80" schemaName="kofc_OneMemberSales" displayName="One Member-Sales" />
      </MissingDependency>
      <MissingDependency>
        <Required type="29" displayName="Lead-to-opportunity marketing sales process" solution="MicrosoftDynamics_MktLeadManagement (1.105.2008.0)" id="{247f7db4-2fc4-40b9-8722-1487bc8097b6}">
          <package>MicrosoftDynamics_MktCompleteAnchorSolution (1.105.2008.0)</package>
        </Required>
        <Dependent type="80" schemaName="kofc_OneMemberSales" displayName="One Member-Sales" />
      </MissingDependency>
      <MissingDependency>
        <Required type="29" displayName="Lead to Opportunity for Charity" solution="Active" id="{2e04fae2-2526-ee11-9966-000d3a578353}" />
        <Dependent type="80" schemaName="kofc_OneMemberSales" displayName="One Member-Sales" />
      </MissingDependency>
      <MissingDependency>
        <Required type="29" displayName="Opportunity Sales Process Fraternal" solution="Active" id="{3112033e-ffd4-41c5-815a-7191676df4cb}" />
        <Dependent type="80" schemaName="kofc_OneMemberSales" displayName="One Member-Sales" />
      </MissingDependency>
      <MissingDependency>
        <Required type="29" displayName="Opportunity Sales Process New Member" solution="Active" id="{32a593f9-95c9-ee11-9079-000d3a578997}" />
        <Dependent type="80" schemaName="kofc_OneMemberSales" displayName="One Member-Sales" />
      </MissingDependency>
      <MissingDependency>
        <Required type="29" displayName="Sales Process" solution="msdynce_Sales (9.0.4.0076)" id="{3e8ebee6-a2bc-4451-9c5f-b146b085413a}">
          <package>msdynce_SalesAnchor (9.0.24064.10007)</package>
        </Required>
        <Dependent type="80" schemaName="kofc_OneMemberSales" displayName="One Member-Sales" />
      </MissingDependency>
      <MissingDependency>
        <Required type="29" displayName="Recruiting Lead" solution="Active" id="{6c4f636f-e529-ee11-bdf4-000d3a57869b}" />
        <Dependent type="80" schemaName="kofc_OneMemberSales" displayName="One Member-Sales" />
      </MissingDependency>
      <MissingDependency>
        <Required type="29" displayName="Lead to Opportunity for Retail Investment" solution="Active" id="{7750b0af-2526-ee11-9966-000d3a5788a4}" />
        <Dependent type="80" schemaName="kofc_OneMemberSales" displayName="One Member-Sales" />
      </MissingDependency>
      <MissingDependency>
        <Required type="29" displayName="Lead to Opportunity Sales Process" solution="msdynce_Sales (9.0.4.0076)" id="{919e14d1-6489-4852-abd0-a63a6ecaac5d}">
          <package>msdynce_SalesAnchor (9.0.24064.10007)</package>
        </Required>
        <Dependent type="80" schemaName="kofc_OneMemberSales" displayName="One Member-Sales" />
      </MissingDependency>
      <MissingDependency>
        <Required type="29" displayName="Opportunity Sales Process KCCF" solution="Active" id="{959b80b2-ac50-48be-9275-6f6f3d74bed7}" />
        <Dependent type="80" schemaName="kofc_OneMemberSales" displayName="One Member-Sales" />
      </MissingDependency>
      <MissingDependency>
        <Required type="29" displayName="EventMainBusinessProcessFlow" solution="MicrosoftDynamics_EventManagement (1.51.43829.0)" id="{9623d467-52ae-4979-89f6-2ac0d11dad99}">
          <package>MicrosoftDynamics_MktCompleteAnchorSolution (1.105.2008.0)</package>
        </Required>
        <Dependent type="80" schemaName="kofc_OneMemberSales" displayName="One Member-Sales" />
      </MissingDependency>
      <MissingDependency>
        <Required type="29" displayName="Opportunity Sales Process Institutional Investment" solution="Active" id="{96f11126-95c9-ee11-9079-000d3a578353}" />
        <Dependent type="80" schemaName="kofc_OneMemberSales" displayName="One Member-Sales" />
      </MissingDependency>
      <MissingDependency>
        <Required type="29" displayName="Lead to Opportunity for Institutional Investment" solution="Active" id="{978571c5-2526-ee11-9966-000d3a5784a8}" />
        <Dependent type="80" schemaName="kofc_OneMemberSales" displayName="One Member-Sales" />
      </MissingDependency>
      <MissingDependency>
        <Required type="29" displayName="Opportunity Sales Process Insurance" solution="Active" id="{ac2e81e2-48d6-49ec-a087-522c7880cf61}" />
        <Dependent type="80" schemaName="kofc_OneMemberSales" displayName="One Member-Sales" />
      </MissingDependency>
      <MissingDependency>
        <Required type="29" displayName="Lead to Opportunity for Fraternal" solution="Active" id="{da14f650-1426-ee11-9966-000d3a578255}" />
        <Dependent type="80" schemaName="kofc_OneMemberSales" displayName="One Member-Sales" />
      </MissingDependency>
      <MissingDependency>
        <Required type="29" displayName="Opportunity Sales Process Recruiting" solution="Active" id="{db58ef1f-250b-4681-ab0a-90cd51fbc290}" />
        <Dependent type="80" schemaName="kofc_OneMemberSales" displayName="One Member-Sales" />
      </MissingDependency>
      <MissingDependency>
        <Required type="29" displayName="Opportunity Sales Process Charity" solution="Active" id="{f48943f0-2a72-4449-9415-23d7852ba584}" />
        <Dependent type="80" schemaName="kofc_OneMemberSales" displayName="One Member-Sales" />
      </MissingDependency>
      <MissingDependency>
        <Required type="300" schemaName="kofc_contactdecryptedssn_a2946" displayName="Contact-Decrypted SSN" solution="Active" />
        <Dependent type="AppElement" displayName="new_kofc_OneMemberSales_canvasappid_kofc_contactdecryptedssn_a2946" id.uniquename="new_kofc_OneMemberSales_canvasappid_kofc_contactdecryptedssn_a2946" />
      </MissingDependency>
      <MissingDependency>
        <Required type="300" schemaName="kofc_onemembersalesdefaultcommandlibrary_0f1d7" displayName="OneMemberSales_DefaultCommandLibrary" solution="Active" />
        <Dependent type="AppElement" displayName="kofc_kofc_OneMemberSales_canvasappid_kofc_onemembersalesdefaultcommandlibrary_0f1d7" id.uniquename="kofc_kofc_OneMemberSales_canvasappid_kofc_onemembersalesdefaultcommandlibrary_0f1d7" />
      </MissingDependency>
      <MissingDependency>
        <Required type="300" schemaName="kofc_opportunitycloneopportunitycustompage_596a0" displayName="Opportunity-Clone Opportunity Custom Page" solution="Active" />
        <Dependent type="AppElement" displayName="kofc_kofc_OneMemberSales_canvasappid_kofc_opportunitycloneopportunitycustompage_596a0" id.uniquename="kofc_kofc_OneMemberSales_canvasappid_kofc_opportunitycloneopportunitycustompage_596a0" />
      </MissingDependency>
      <MissingDependency>
        <Required type="300" schemaName="kofc_pledgeremovedonationscustompage_b8ab7" displayName="Pledge-Remove Donations Custom Page" solution="Active" />
        <Dependent type="AppElement" displayName="kofc_kofc_OneMemberSales_canvasappid_kofc_pledgeremovedonationscustompage_b8ab7" id.uniquename="kofc_kofc_OneMemberSales_canvasappid_kofc_pledgeremovedonationscustompage_b8ab7" />
      </MissingDependency>
      <MissingDependency>
        <Required type="60" displayName="KCCF User Dashboard" solution="Active" id="{0199e9b9-b653-ee11-be6f-000d3a578997}" />
        <Dependent type="80" schemaName="kofc_OneMemberSales" displayName="One Member-Sales" />
      </MissingDependency>
      <MissingDependency>
        <Required type="60" displayName="Account Reference Panel" parentDisplayName="Institution" solution="msdynce_AppCommon (9.0.4.0066)" id="{098ae145-1567-41ec-8398-86dbaac70c9b}">
          <package>msdynce_AppCommonAnchor (9.0.24064.10001)</package>
        </Required>
        <Dependent type="80" schemaName="kofc_OneMemberSales" displayName="One Member-Sales" />
      </MissingDependency>
      <MissingDependency>
        <Required type="60" displayName="Information" parentDisplayName="Policy" solution="Active" id="{1083c653-4938-460f-9c48-71e5430e99f2}" />
        <Dependent type="80" schemaName="kofc_OneMemberSales" displayName="One Member-Sales" />
      </MissingDependency>
      <MissingDependency>
        <Required type="60" displayName="Navigator Information" parentDisplayName="Policy" solution="Active" id="{12de8547-a261-464e-8b7e-8583876b2ea9}" />
        <Dependent type="80" schemaName="kofc_OneMemberSales" displayName="One Member-Sales" />
      </MissingDependency>
      <MissingDependency>
        <Required type="60" displayName="Agency Support Dashboard" solution="Active" id="{1cb4e4f5-b9af-ee11-a569-000d3a5784a8}" />
        <Dependent type="80" schemaName="kofc_OneMemberSales" displayName="One Member-Sales" />
      </MissingDependency>
      <MissingDependency>
        <Required type="60" displayName="Retail Investment" parentDisplayName="Opportunity" solution="Active" id="{1d4ea65c-04a0-4055-8c08-d7acc1ca888a}" />
        <Dependent type="80" schemaName="kofc_OneMemberSales" displayName="One Member-Sales" />
      </MissingDependency>
      <MissingDependency>
        <Required type="60" displayName="Quick Opportunity View Form" parentDisplayName="Opportunity" solution="msdynce_Sales (9.0.4.0076)" id="{24b5ce86-1811-44c3-b1ad-90f7ea02d2d7}">
          <package>msdynce_SalesAnchor (9.0.24064.10007)</package>
        </Required>
        <Dependent type="80" schemaName="kofc_OneMemberSales" displayName="One Member-Sales" />
      </MissingDependency>
      <MissingDependency>
        <Required type="60" displayName="Charity Leader Dashboard" solution="Active" id="{2d53bdd9-885b-ee11-be6f-000d3a5784a8}" />
        <Dependent type="80" schemaName="kofc_OneMemberSales" displayName="One Member-Sales" />
      </MissingDependency>
      <MissingDependency>
        <Required type="60" displayName="Information" parentDisplayName="Policy" solution="Active" id="{32f36a1a-5a31-4e66-9038-b9c1b01dd70a}" />
        <Dependent type="80" schemaName="kofc_OneMemberSales" displayName="One Member-Sales" />
      </MissingDependency>
      <MissingDependency>
        <Required type="60" displayName="Fraternal Manager Dashboard" solution="Active" id="{390e13cb-bb7f-ee11-8179-000d3a5784a8}" />
        <Dependent type="80" schemaName="kofc_OneMemberSales" displayName="One Member-Sales" />
      </MissingDependency>
      <MissingDependency>
        <Required type="60" displayName="Insurance" parentDisplayName="Contact" solution="Active" id="{435918b3-bda5-4c73-947f-8c63259bf49f}" />
        <Dependent type="80" schemaName="kofc_OneMemberSales" displayName="One Member-Sales" />
      </MissingDependency>
      <MissingDependency>
        <Required type="60" displayName="Charity" parentDisplayName="Contact" solution="Active" id="{450b6aa7-e6bb-470d-85f1-977bbe731b9c}" />
        <Dependent type="80" schemaName="kofc_OneMemberSales" displayName="One Member-Sales" />
      </MissingDependency>
      <MissingDependency>
        <Required type="60" displayName="Fraternal" parentDisplayName="Contact" solution="Active" id="{4785a2b1-2a95-4f7e-b594-f1334aade1a9}" />
        <Dependent type="80" schemaName="kofc_OneMemberSales" displayName="One Member-Sales" />
      </MissingDependency>
      <MissingDependency>
        <Required type="60" displayName="Lead SubType" parentDisplayName="Lead SubType" solution="Active" id="{51f5fa0c-67f5-499d-b03d-e1e16e060234}" />
        <Dependent type="80" schemaName="kofc_OneMemberSales" displayName="One Member-Sales" />
      </MissingDependency>
      <MissingDependency>
        <Required type="60" displayName="Recruiting" parentDisplayName="Opportunity" solution="Active" id="{56f944a1-3887-4fd6-9787-389d0f9aa1e6}" />
        <Dependent type="80" schemaName="kofc_OneMemberSales" displayName="One Member-Sales" />
      </MissingDependency>
      <MissingDependency>
        <Required type="60" displayName="Quick Create" parentDisplayName="Policy" solution="Active" id="{58b7e13f-017e-422f-a7f8-fbc388d8ad87}" />
        <Dependent type="80" schemaName="kofc_OneMemberSales" displayName="One Member-Sales" />
      </MissingDependency>
      <MissingDependency>
        <Required type="60" displayName="My Client Details" solution="Active" id="{5c9bc772-d473-ee11-9ae7-000d3a578542}" />
        <Dependent type="80" schemaName="kofc_OneMemberSales" displayName="One Member-Sales" />
      </MissingDependency>
      <MissingDependency>
        <Required type="60" displayName="Institutional Investment" parentDisplayName="Opportunity" solution="Active" id="{5f51bd3b-9c11-4df1-ac57-c2c2dd1bf986}" />
        <Dependent type="80" schemaName="kofc_OneMemberSales" displayName="One Member-Sales" />
      </MissingDependency>
      <MissingDependency>
        <Required type="60" displayName="Account Hierarchy Tile Form" parentDisplayName="Institution" solution="msdynce_AppCommon (9.0.4.0066)" id="{69cff312-cfb6-4289-9631-249ab85d2c62}">
          <package>msdynce_AppCommonAnchor (9.0.24064.10001)</package>
        </Required>
        <Dependent type="80" schemaName="kofc_OneMemberSales" displayName="One Member-Sales" />
      </MissingDependency>
      <MissingDependency>
        <Required type="60" displayName="App for Outlook Account Quick View" parentDisplayName="Institution" solution="AppforOutlookPatch (1.2.402)" id="{76b81f10-2a08-4f1a-9454-ee38bea94eb5}" />
        <Dependent type="80" schemaName="kofc_OneMemberSales" displayName="One Member-Sales" />
      </MissingDependency>
      <MissingDependency>
        <Required type="60" displayName="Investment" parentDisplayName="Contact" solution="Active" id="{77f71ad7-99c3-4ed6-8352-cb919d94c963}" />
        <Dependent type="80" schemaName="kofc_OneMemberSales" displayName="One Member-Sales" />
      </MissingDependency>
      <MissingDependency>
        <Required type="60" displayName="Insurance" parentDisplayName="Opportunity" solution="Active" id="{7a73413a-631f-4c06-930a-89ea97fa1d45}" />
        <Dependent type="80" schemaName="kofc_OneMemberSales" displayName="One Member-Sales" />
      </MissingDependency>
      <MissingDependency>
        <Required type="60" displayName="Default Form" parentDisplayName="Opportunity" solution="Active" id="{86ca9222-e2b7-4e48-934c-c774ddd075fd}" />
        <Dependent type="80" schemaName="kofc_OneMemberSales" displayName="One Member-Sales" />
      </MissingDependency>
      <MissingDependency>
        <Required type="60" displayName="Fraternal" parentDisplayName="Opportunity" solution="Active" id="{88d4b612-0b4e-4135-87fc-112910e3350b}" />
        <Dependent type="80" schemaName="kofc_OneMemberSales" displayName="One Member-Sales" />
      </MissingDependency>
      <MissingDependency>
        <Required type="60" displayName="RGD Dashboard" solution="Active" id="{9a8ec97c-8d24-ee11-9cbe-000d3a57805e}" />
        <Dependent type="80" schemaName="kofc_OneMemberSales" displayName="One Member-Sales" />
      </MissingDependency>
      <MissingDependency>
        <Required type="60" displayName="Institution Details" parentDisplayName="Institution" solution="Active" id="{9e558b83-4bd2-4277-8920-359587f57d9c}" />
        <Dependent type="80" schemaName="kofc_OneMemberSales" displayName="One Member-Sales" />
      </MissingDependency>
      <MissingDependency>
        <Required type="60" displayName="KCCF Leader Dashboard" solution="Active" id="{a4acfe45-775b-ee11-be6f-000d3a578542}" />
        <Dependent type="80" schemaName="kofc_OneMemberSales" displayName="One Member-Sales" />
      </MissingDependency>
      <MissingDependency>
        <Required type="60" displayName="account card" parentDisplayName="Institution" solution="msdynce_AppCommon (9.0.4.0066)" id="{b028db32-3619-48a5-ac51-cf3f947b0ef3}">
          <package>msdynce_AppCommonAnchor (9.0.24064.10001)</package>
        </Required>
        <Dependent type="80" schemaName="kofc_OneMemberSales" displayName="One Member-Sales" />
      </MissingDependency>
      <MissingDependency>
        <Required type="60" displayName="Charity" parentDisplayName="Opportunity" solution="Active" id="{b24dbc11-c7e3-4dbf-957e-05340427805a}" />
        <Dependent type="80" schemaName="kofc_OneMemberSales" displayName="One Member-Sales" />
      </MissingDependency>
      <MissingDependency>
        <Required type="60" displayName="Charity Team Member Dashboard" solution="Active" id="{b8797ac3-3b30-ee11-bdf3-000d3a578353}" />
        <Dependent type="80" schemaName="kofc_OneMemberSales" displayName="One Member-Sales" />
      </MissingDependency>
      <MissingDependency>
        <Required type="60" displayName="Account Quick Create" parentDisplayName="Institution" solution="msdynce_AppCommon (9.0.4.0066)" id="{c9e7ec2d-efca-4e4c-b3e3-f63c4bba5e4b}">
          <package>msdynce_AppCommonAnchor (9.0.24064.10001)</package>
        </Required>
        <Dependent type="80" schemaName="kofc_OneMemberSales" displayName="One Member-Sales" />
      </MissingDependency>
      <MissingDependency>
        <Required type="60" displayName="Information" parentDisplayName="Policy" solution="Active" id="{cb14ecc9-038e-44cf-9f5e-421011e70c59}" />
        <Dependent type="80" schemaName="kofc_OneMemberSales" displayName="One Member-Sales" />
      </MissingDependency>
      <MissingDependency>
        <Required type="60" displayName="Sales Dashboard" solution="msdynce_Sales (9.0.4.0076)" id="{d1f511a8-1ead-e211-bb72-00155da9a201}">
          <package>msdynce_SalesAnchor (9.0.24064.10007)</package>
        </Required>
        <Dependent type="80" schemaName="kofc_OneMemberSales" displayName="One Member-Sales" />
      </MissingDependency>
      <MissingDependency>
        <Required type="60" displayName="Information" parentDisplayName="Opportunity Close" solution="msdynce_Sales (9.0.4.0076)" id="{d44e63c4-08a3-4817-bfb7-d0b69f99eb68}">
          <package>msdynce_SalesAnchor (9.0.24064.10007)</package>
        </Required>
        <Dependent type="80" schemaName="kofc_OneMemberSales" displayName="One Member-Sales" />
      </MissingDependency>
      <MissingDependency>
        <Required type="60" displayName="KCCF Institution" parentDisplayName="Institution" solution="Active" id="{d74d5a29-6b58-4d57-8014-0b7907be43f4}" />
        <Dependent type="80" schemaName="kofc_OneMemberSales" displayName="One Member-Sales" />
      </MissingDependency>
      <MissingDependency>
        <Required type="60" displayName="Investment Institution" parentDisplayName="Institution" solution="Active" id="{d858413e-193b-42fe-a6e1-848201b9779a}" />
        <Dependent type="80" schemaName="kofc_OneMemberSales" displayName="One Member-Sales" />
      </MissingDependency>
      <MissingDependency>
        <Required type="60" displayName="KCCF" parentDisplayName="Opportunity" solution="Active" id="{d890806e-3148-4b59-b335-d7bbd73a824f}" />
        <Dependent type="80" schemaName="kofc_OneMemberSales" displayName="One Member-Sales" />
      </MissingDependency>
      <MissingDependency>
        <Required type="60" displayName="Charity User Dashboard" solution="Active" id="{df1a9c7f-d16c-ee11-8df0-000d3a578997}" />
        <Dependent type="80" schemaName="kofc_OneMemberSales" displayName="One Member-Sales" />
      </MissingDependency>
      <MissingDependency>
        <Required type="60" displayName="Information" parentDisplayName="Lead" solution="Active" id="{e344087d-5245-469c-8bec-b929badb073d}" />
        <Dependent type="80" schemaName="kofc_OneMemberSales" displayName="One Member-Sales" />
      </MissingDependency>
      <MissingDependency>
        <Required type="60" displayName="My Agencies Dashboard" solution="Active" id="{e358ce96-6792-ee11-be37-6045bddc9c37}" />
        <Dependent type="80" schemaName="kofc_OneMemberSales" displayName="One Member-Sales" />
      </MissingDependency>
      <MissingDependency>
        <Required type="60" displayName="My Insurance Opportunities" solution="Active" id="{e39a5231-dcfb-ed11-8848-000d3a578cc3}" />
        <Dependent type="80" schemaName="kofc_OneMemberSales" displayName="One Member-Sales" />
      </MissingDependency>
      <MissingDependency>
        <Required type="60" displayName="Opportunity" parentDisplayName="Opportunity" solution="msdynce_Sales (9.0.4.0076)" id="{e3c588ee-8e11-49da-a5fe-3800f3f683de}">
          <package>msdynce_SalesAnchor (9.0.24064.10007)</package>
        </Required>
        <Dependent type="80" schemaName="kofc_OneMemberSales" displayName="One Member-Sales" />
      </MissingDependency>
      <MissingDependency>
        <Required type="60" displayName="Institution" parentDisplayName="Institution" solution="Active" id="{e92ac9c0-70b6-47a9-bf1d-b727f4a2f552}" />
        <Dependent type="80" schemaName="kofc_OneMemberSales" displayName="One Member-Sales" />
      </MissingDependency>
      <MissingDependency>
        <Required type="60" displayName="Customer profile" parentDisplayName="Institution" solution="OmnichannelBase (1.10.0.84)" id="{e9a9c8a9-e94d-47a9-a6c3-ec37ddb83b99}">
          <package>UnifiedRoutingPrimeAnchor (1.5.26.130)</package>
        </Required>
        <Dependent type="80" schemaName="kofc_OneMemberSales" displayName="One Member-Sales" />
      </MissingDependency>
      <MissingDependency>
        <Required type="60" displayName="Insurance Sales Dashboard" solution="Active" id="{ec08ec33-ad8e-ee11-8179-000d3a578997}" />
        <Dependent type="80" schemaName="kofc_OneMemberSales" displayName="One Member-Sales" />
      </MissingDependency>
      <MissingDependency>
        <Required type="60" displayName="KCCF" parentDisplayName="Contact" solution="Active" id="{edd4bdd3-f50c-4b64-9acd-e036c75bc6a4}" />
        <Dependent type="80" schemaName="kofc_OneMemberSales" displayName="One Member-Sales" />
      </MissingDependency>
      <MissingDependency>
        <Required type="60" displayName="Opportunity Close" parentDisplayName="Opportunity Close" solution="msdynce_SalesPatch201904 (9.0.1912.1007)" id="{f3c16c11-c628-4e5a-80c1-7366f814769d}">
          <package>msdynce_SalesAnchor (9.0.24064.10007)</package>
        </Required>
        <Dependent type="80" schemaName="kofc_OneMemberSales" displayName="One Member-Sales" />
      </MissingDependency>
      <MissingDependency>
        <Required type="60" displayName="Home Office Dashboard" solution="Active" id="{f778201e-a0af-ee11-a569-000d3a578cc3}" />
        <Dependent type="80" schemaName="kofc_OneMemberSales" displayName="One Member-Sales" />
      </MissingDependency>
      <MissingDependency>
        <Required type="60" displayName="App for Outlook Account Card" parentDisplayName="Institution" solution="AppforOutlookPatch (1.2.402)" id="{fb65cc73-181c-468b-9bb3-82ecde306991}" />
        <Dependent type="80" schemaName="kofc_OneMemberSales" displayName="One Member-Sales" />
      </MissingDependency>
      <MissingDependency>
        <Required type="61" schemaName="kofc_/resx/messages.1033.resx" displayName="kofc_/resx/messages.1033.resx" solution="Active" />
        <Dependent type="61" schemaName="kofc_Opportunity" displayName="kofc_Opportunity" />
      </MissingDependency>
      <MissingDependency>
        <Required type="61" schemaName="kofc_/resx/messages.1036.resx" displayName="kofc_/resx/messages.1036.resx" solution="Active" />
        <Dependent type="61" schemaName="kofc_Opportunity" displayName="kofc_Opportunity" />
      </MissingDependency>
      <MissingDependency>
        <Required type="61" schemaName="kofc_D365Logo" displayName="kofc_D365Logo" solution="Active" />
        <Dependent type="80" schemaName="kofc_OneMemberSales" displayName="One Member-Sales" />
      </MissingDependency>
      <MissingDependency>
        <Required type="61" schemaName="msdyn_capacityprofileSubgridActions.js" displayName="msdyn_capacityprofileSubgridActions.js" solution="OCBaseURBase (1.1.0.872)">
          <package>UnifiedRoutingPrimeAnchor (1.5.26.130)</package>
        </Required>
        <Dependent type="60" displayName="User" parentDisplayName="User" id="{c2cd9e55-d4b4-4b55-9951-16ead79643e5}" />
      </MissingDependency>
      <MissingDependency>
        <Required type="61" schemaName="msdyn_OmnichannelBotEnabler/msdyn_BotUser.js" displayName="msdyn_OmnichannelBotEnabler/msdyn_BotUser.js" solution="msdyn_OmnichannelBotEnablerPatch (1.5.26.3)">
          <package>OmnichannelPrimeAnchor (1.5.26.232)</package>
        </Required>
        <Dependent type="60" displayName="User" parentDisplayName="User" id="{c2cd9e55-d4b4-4b55-9951-16ead79643e5}" />
      </MissingDependency>
      <MissingDependency>
        <Required type="61" schemaName="msdyn_userSettings.js" displayName="msdyn_userSettings.js" solution="OmnichannelBase (1.10.0.84)">
          <package>UnifiedRoutingPrimeAnchor (1.5.26.130)</package>
        </Required>
        <Dependent type="60" displayName="User" parentDisplayName="User" id="{c2cd9e55-d4b4-4b55-9951-16ead79643e5}" />
      </MissingDependency>
      <MissingDependency>
        <Required type="SettingDefinition" displayName="AllowNotificationsEarlyAccess" solution="AppNotifications (10.0.0.16)" id.uniquename="AllowNotificationsEarlyAccess" />
        <Dependent type="AppSetting" displayName="parentappmoduleid.uniquename=kofc_OneMemberSales,settingdefinitionid.uniquename=AllowNotificationsEarlyAccess" id.parentappmoduleid.uniquename="kofc_OneMemberSales" id.settingdefinitionid.uniquename="AllowNotificationsEarlyAccess" />
      </MissingDependency>
      <MissingDependency>
        <Required type="SettingDefinition" displayName="msdyn_enablertecopilot" solution="msdyn_SalesCopilot (9.1.24064.10004)" id.uniquename="msdyn_enablertecopilot">
          <package>msdynce_SalesAnchor (9.0.24064.10007)</package>
        </Required>
        <Dependent type="AppSetting" displayName="parentappmoduleid.uniquename=kofc_OneMemberSales,settingdefinitionid.uniquename=msdyn_enablertecopilot" id.parentappmoduleid.uniquename="kofc_OneMemberSales" id.settingdefinitionid.uniquename="msdyn_enablertecopilot" />
      </MissingDependency>
      <MissingDependency>
        <Required type="SettingDefinition" displayName="msdyn_rtecopilotdefaultonruncompleted" solution="msdyn_CSIntelligence (9.1.24064.1029)" id.uniquename="msdyn_rtecopilotdefaultonruncompleted">
          <package>msdyn_ServiceExtendedAnchor (9.0.24064.1016)</package>
          <package>msdyn_ServiceIntelligenceAnchor (9.1.24064.1029)</package>
        </Required>
        <Dependent type="AppSetting" displayName="parentappmoduleid.uniquename=kofc_OneMemberSales,settingdefinitionid.uniquename=msdyn_rtecopilotdefaultonruncompleted" id.parentappmoduleid.uniquename="kofc_OneMemberSales" id.settingdefinitionid.uniquename="msdyn_rtecopilotdefaultonruncompleted" />
      </MissingDependency>
    </MissingDependencies>
  </SolutionManifest>
</ImportExportXml>