﻿<?xml version="1.0" encoding="utf-8"?>
<forms xmlns:xsi="http://www.w3.org/2001/XMLSchema-instance">
  <systemform>
    <formid>{41268236-cba0-497d-a843-ef097ffa1efe}</formid>
    <IntroducedVersion>1.0</IntroducedVersion>
    <FormPresentation>1</FormPresentation>
    <FormActivationState>1</FormActivationState>
    <form>
      <tabs>
        <tab verticallayout="true" id="{beb4e0d6-985e-4dda-a56e-9669d41ef17d}" IsUserDefined="1">
          <labels>
            <label description="" languagecode="1033" />
          </labels>
          <columns>
            <column width="100%">
              <sections>
                <section showlabel="false" showbar="false" IsUserDefined="0" id="{e9d0c712-b972-49ea-933a-931177a41459}">
                  <labels>
                    <label description="GENERAL" languagecode="1033" />
                    <label description="GÉNÉRAL" languagecode="1036" />
                  </labels>
                  <rows>
                    <row>
                      <cell id="{9e02f1c1-907f-4097-88c0-ed6b03ed6334}">
                        <labels>
                          <label description="Name" languagecode="1033" />
                        </labels>
                        <control id="kofc_name" classid="{4273EDBD-AC1D-40d3-9FB2-095C621B552D}" datafieldname="kofc_name" />
                      </cell>
                    </row>
                    <row>
                      <cell id="{b2238af2-35b5-4d15-a531-0ce56d8ed85a}">
                        <labels>
                          <label description="Owner" languagecode="1033" />
                          <label description="Propriétaire" languagecode="1036" />
                          <label description="Propietario" languagecode="3082" />
                        </labels>
                        <control id="ownerid" classid="{270BD3DB-D9AF-4782-9025-509E298DEC0A}" datafieldname="ownerid" />
                      </cell>
                    </row>
                  </rows>
                </section>
              </sections>
            </column>
          </columns>
        </tab>
      </tabs>
    </form>
    <IsCustomizable>1</IsCustomizable>
    <CanBeDeleted>1</CanBeDeleted>
    <LocalizedNames>
      <LocalizedName description="Information" languagecode="1033" />
    </LocalizedNames>
  </systemform>
</forms>