﻿<?xml version="1.0" encoding="utf-8"?>
<forms xmlns:xsi="http://www.w3.org/2001/XMLSchema-instance">
  <systemform>
    <formid>{44a6f317-b5a0-4f77-acf3-889de87331c4}</formid>
    <IntroducedVersion>1.0</IntroducedVersion>
    <FormPresentation>1</FormPresentation>
    <FormActivationState>1</FormActivationState>
    <form>
      <tabs>
        <tab name="general" verticallayout="true" id="{05d46ead-d69d-4524-9ae5-77fcc7bcbda5}" IsUserDefined="0">
          <labels>
            <label description="" languagecode="1033" />
          </labels>
          <columns>
            <column width="25%">
              <sections>
                <section name="ColorStrip" showlabel="false" showbar="false" columns="1" IsUserDefined="0" id="{24a73a0e-c54e-4316-862d-1563b0b5f4ba}">
                  <labels>
                    <label description="ColorStrip" languagecode="1033" />
                  </labels>
                </section>
              </sections>
            </column>
            <column width="75%">
              <sections>
                <section name="CardHeader" showlabel="false" showbar="false" columns="111" id="{a648c0bb-aba7-40f3-9318-062d71c4bfb8}" IsUserDefined="0">
                  <labels>
                    <label description="Header" languagecode="1033" />
                    <label description="En-tête" languagecode="1036" />
                  </labels>
                  <rows>
                    <row>
                      <cell id="{5de50d72-1cb9-40b9-a63b-bf381f71ba1a}" showlabel="true" locklevel="0">
                        <labels>
                          <label description="Status Reason" languagecode="1033" />
                          <label description="Raison du statut" languagecode="1036" />
                          <label description="Razón para el estado" languagecode="3082" />
                        </labels>
                        <control id="statuscode" classid="{5D68B988-0661-4db2-BC3E-17598AD3BE6C}" datafieldname="statuscode" disabled="false" />
                      </cell>
                      <cell id="{1aae8c97-ff41-482b-8b4a-52637d4068b1}" showlabel="true" locklevel="0">
                        <labels>
                          <label description="" languagecode="1033" />
                        </labels>
                      </cell>
                      <cell id="{570d560c-be42-45da-a5b8-539db984aadc}" showlabel="true" locklevel="0">
                        <labels>
                          <label description="" languagecode="1033" />
                        </labels>
                      </cell>
                    </row>
                  </rows>
                </section>
                <section name="CardDetails" showlabel="false" showbar="false" columns="1" id="{cf015ad3-5877-4667-a948-2dfe480ee9a3}" IsUserDefined="0">
                  <labels>
                    <label description="Details" languagecode="1033" />
                    <label description="Détails" languagecode="1036" />
                  </labels>
                  <rows>
                    <row>
                      <cell id="{dbfe0081-0eb2-49bc-adfe-7949ec628b01}" showlabel="true" locklevel="0">
                        <labels>
                          <label description="Name" languagecode="1033" />
                        </labels>
                        <control id="kofc_name" classid="{4273EDBD-AC1D-40d3-9FB2-095C621B552D}" datafieldname="kofc_name" disabled="false" />
                      </cell>
                    </row>
                  </rows>
                </section>
                <section name="CardFooter" showlabel="false" columns="1111" showbar="false" id="{e7d0cfd6-1814-4aa1-8cbe-73c98412efb7}" IsUserDefined="0">
                  <labels>
                    <label description="Footer" languagecode="1033" />
                    <label description="Pied de page" languagecode="1036" />
                  </labels>
                  <rows>
                    <row>
                      <cell id="{8b0d4f71-b8a2-4f9e-88f9-8d4ef11390e6}" showlabel="true" locklevel="0">
                        <labels>
                          <label description="Owner" languagecode="1033" />
                          <label description="Propriétaire" languagecode="1036" />
                          <label description="Propietario" languagecode="3082" />
                        </labels>
                        <control id="ownerid" classid="{270BD3DB-D9AF-4782-9025-509E298DEC0A}" datafieldname="ownerid" disabled="false" />
                      </cell>
                      <cell id="{5a7725ba-2d52-440d-b7d2-7cb4d37d1cd8}" showlabel="true" locklevel="0">
                        <labels>
                          <label description="Created On" languagecode="1033" />
                          <label description="Créé le" languagecode="1036" />
                          <label description="Fecha de creación" languagecode="3082" />
                        </labels>
                        <control id="createdon" classid="{270BD3DB-D9AF-4782-9025-509E298DEC0A}" datafieldname="createdon" disabled="false" />
                      </cell>
                      <cell id="{db2028bd-c964-44b5-8067-4e15b9702bcd}" showlabel="true" locklevel="0">
                        <labels>
                          <label description="" languagecode="1033" />
                        </labels>
                      </cell>
                      <cell id="{9c62a57c-af06-48d9-a60c-b4dd28fe68e0}" showlabel="true" locklevel="0">
                        <labels>
                          <label description="" languagecode="1033" />
                        </labels>
                      </cell>
                    </row>
                  </rows>
                </section>
              </sections>
            </column>
          </columns>
        </tab>
      </tabs>
    </form>
    <IsCustomizable>1</IsCustomizable>
    <CanBeDeleted>1</CanBeDeleted>
    <LocalizedNames>
      <LocalizedName description="Information" languagecode="1033" />
    </LocalizedNames>
    <Descriptions>
      <Description description="A card form for this entity." languagecode="1033" />
    </Descriptions>
  </systemform>
</forms>