﻿<?xml version="1.0" encoding="utf-8"?>
<ImportExportXml xmlns:xsi="http://www.w3.org/2001/XMLSchema-instance">
  <Entities />
  <Roles />
  <Workflows />
  <FieldSecurityProfiles />
  <Templates />
  <EntityMaps />
  <EntityRelationships />
  <OrganizationSettings />
  <optionsets />
  <WebResources />
  <CustomControls />
  <AppModules />
  <EntityDataProviders />
  <Languages>
    <Language>1033</Language>
    <Language>1036</Language>
    <Language>3082</Language>
  </Languages>
</ImportExportXml>