﻿<?xml version="1.0" encoding="utf-8"?>
<EntityMaps xmlns:xsi="http://www.w3.org/2001/XMLSchema-instance">
  <EntityMap>
    <EntitySource>lead</EntitySource>
    <EntityTarget>opportunity</EntityTarget>
    <AttributeMaps>
      <AttributeMap>
        <AttributeSource>kofc_crosssellupsell</AttributeSource>
        <AttributeTarget>kofc_crosssellupsell</AttributeTarget>
      </AttributeMap>
      <AttributeMap>
        <AttributeSource>kofc_endowmentvalue</AttributeSource>
        <AttributeTarget>kofc_endowmentvalue</AttributeTarget>
      </AttributeMap>
      <AttributeMap>
        <AttributeSource>kofc_kccfregion</AttributeSource>
        <AttributeTarget>kofc_kccfregion</AttributeTarget>
      </AttributeMap>
      <AttributeMap>
        <AttributeSource>kofc_supportingorganizationvalue</AttributeSource>
        <AttributeTarget>kofc_supportingorganizationvalue</AttributeTarget>
      </AttributeMap>
    </AttributeMaps>
  </EntityMap>
</EntityMaps>