﻿<?xml version="1.0" encoding="utf-8"?>
<EntityRelationships xmlns:xsi="http://www.w3.org/2001/XMLSchema-instance">
  <EntityRelationship Name="team_kofc_eappsitemapcontrol">
    <EntityRelationshipType>OneToMany</EntityRelationshipType>
    <IsCustomizable>1</IsCustomizable>
    <IntroducedVersion>1.0</IntroducedVersion>
    <IsHierarchical>0</IsHierarchical>
    <ReferencingEntityName>kofc_eappsitemapcontrol</ReferencingEntityName>
    <ReferencedEntityName>Team</ReferencedEntityName>
    <CascadeAssign>NoCascade</CascadeAssign>
    <CascadeDelete>NoCascade</CascadeDelete>
    <CascadeArchive>NoCascade</CascadeArchive>
    <CascadeReparent>NoCascade</CascadeReparent>
    <CascadeShare>NoCascade</CascadeShare>
    <CascadeUnshare>NoCascade</CascadeUnshare>
    <ReferencingAttributeName>OwningTeam</ReferencingAttributeName>
    <RelationshipDescription>
      <Descriptions>
        <Description description="Unique identifier for the team that owns the record." languagecode="1033" />
        <Description description="Identificateur unique de l'équipe propriétaire de l'enregistrement." languagecode="1036" />
        <Description description="Identificador único del equipo propietario del registro." languagecode="3082" />
      </Descriptions>
    </RelationshipDescription>
  </EntityRelationship>
</EntityRelationships>