﻿<?xml version="1.0" encoding="utf-8"?>
<savedqueries xmlns:xsi="http://www.w3.org/2001/XMLSchema-instance">
  <savedquery>
    <IsCustomizable>1</IsCustomizable>
    <CanBeDeleted>0</CanBeDeleted>
    <isquickfindquery>0</isquickfindquery>
    <isprivate>0</isprivate>
    <isdefault>1</isdefault>
    <savedqueryid>{3a3dcda4-85ed-4c8a-8151-12792c3b5878}</savedqueryid>
    <layoutxml>
      <grid name="kofc_eappsitemapcontrols" jump="kofc_name" select="1" icon="1" preview="0">
        <row name="kofc_eappsitemapcontrol" id="kofc_eappsitemapcontrolid">
          <cell name="kofc_name" width="300" />
          <cell name="createdon" width="125" />
        </row>
      </grid>
    </layoutxml>
    <querytype>64</querytype>
    <fetchxml>
      <fetch version="1.0" mapping="logical">
        <entity name="kofc_eappsitemapcontrol">
          <attribute name="kofc_eappsitemapcontrolid" />
          <attribute name="kofc_name" />
          <attribute name="createdon" />
          <filter type="and">
            <condition attribute="statecode" operator="eq" value="0" />
          </filter>
        </entity>
      </fetch>
    </fetchxml>
    <IntroducedVersion>1.0</IntroducedVersion>
    <LocalizedNames>
      <LocalizedName description="Eapp - Sitemap Control Lookup View" languagecode="1033" />
    </LocalizedNames>
  </savedquery>
</savedqueries>