﻿<?xml version="1.0" encoding="utf-8"?>
<savedqueries xmlns:xsi="http://www.w3.org/2001/XMLSchema-instance">
  <savedquery>
    <IsCustomizable>1</IsCustomizable>
    <CanBeDeleted>1</CanBeDeleted>
    <isquickfindquery>0</isquickfindquery>
    <isprivate>0</isprivate>
    <isdefault>1</isdefault>
    <savedqueryid>{b56ea956-7b2e-ef11-840b-0022482ad7f9}</savedqueryid>
    <querytype>8192</querytype>
    <fetchxml>
      <fetch version="1.0" mapping="logical" output-format="xml-platform">
        <entity name="kofc_eappsitemapcontrol">
          <attribute name="kofc_eappsitemapcontrolid" />
          <filter type="and">
            <condition attribute="statecode" operator="eq" value="0" />
            <condition attribute="ownerid" operator="eq-userid" />
          </filter>
        </entity>
      </fetch>
    </fetchxml>
    <IntroducedVersion>1.0</IntroducedVersion>
    <LocalizedNames>
      <LocalizedName description="My Eapp - Sitemap Controls" languagecode="1033" />
    </LocalizedNames>
    <Descriptions>
      <Description description="Active Eapp - Sitemap Controls owned by me" languagecode="1033" />
    </Descriptions>
  </savedquery>
</savedqueries>