﻿<?xml version="1.0" encoding="utf-8"?>
<savedqueries xmlns:xsi="http://www.w3.org/2001/XMLSchema-instance">
  <savedquery>
    <IsCustomizable>1</IsCustomizable>
    <CanBeDeleted>0</CanBeDeleted>
    <isquickfindquery>0</isquickfindquery>
    <isprivate>0</isprivate>
    <isdefault>1</isdefault>
    <savedqueryid>{d2f26291-f5c1-40f5-9db3-ff1c4e3d5f97}</savedqueryid>
    <layoutxml>
      <grid name="resultset" jump="kofc_name" select="1" icon="1" preview="1">
        <row name="result" id="kofc_eappsitemapcontrolid">
          <cell name="kofc_name" width="300" />
          <cell name="createdon" width="125" />
        </row>
      </grid>
    </layoutxml>
    <querytype>1</querytype>
    <fetchxml>
      <fetch version="1.0" mapping="logical">
        <entity name="kofc_eappsitemapcontrol">
          <attribute name="kofc_eappsitemapcontrolid" />
          <attribute name="kofc_name" />
          <attribute name="createdon" />
          <order attribute="kofc_name" descending="false" />
        </entity>
      </fetch>
    </fetchxml>
    <IntroducedVersion>1.0</IntroducedVersion>
    <LocalizedNames>
      <LocalizedName description="Eapp - Sitemap Control Advanced Find View" languagecode="1033" />
    </LocalizedNames>
  </savedquery>
</savedqueries>